// Validating benchmarks:
// ***** BenchmarkRunner: Start   *****
// ***** Found 14 benchmark(s) in total *****
// ***** Building 1 exe(s) in Parallel: Start   *****
// start dotnet  restore /p:UseSharedCompilation=false /p:BuildInParallel=false /m:1 /p:Deterministic=true /p:Optimize=true /p:IntermediateOutputPath="C:\Users\Kiarash\RiderProjects\RapidStreamer.BuildingBlocks\Tests\RapidStreamer.UnitTests\bin\Release\net10.0\a04e4e0f-9f33-49ff-adaf-06480d31a5c1\obj\Release\net10.0/" /p:OutDir="C:\Users\Kiarash\RiderProjects\RapidStreamer.BuildingBlocks\Tests\RapidStreamer.UnitTests\bin\Release\net10.0\a04e4e0f-9f33-49ff-adaf-06480d31a5c1\bin\Release\net10.0/" /p:OutputPath="C:\Users\Kiarash\RiderProjects\RapidStreamer.BuildingBlocks\Tests\RapidStreamer.UnitTests\bin\Release\net10.0\a04e4e0f-9f33-49ff-adaf-06480d31a5c1\bin\Release\net10.0/" in C:\Users\Kiarash\RiderProjects\RapidStreamer.BuildingBlocks\Tests\RapidStreamer.UnitTests\bin\Release\net10.0\a04e4e0f-9f33-49ff-adaf-06480d31a5c1
// command took 3.54 sec and exited with 0
// start dotnet  build -c Release --no-restore /p:UseSharedCompilation=false /p:BuildInParallel=false /m:1 /p:Deterministic=true /p:Optimize=true /p:IntermediateOutputPath="C:\Users\Kiarash\RiderProjects\RapidStreamer.BuildingBlocks\Tests\RapidStreamer.UnitTests\bin\Release\net10.0\a04e4e0f-9f33-49ff-adaf-06480d31a5c1\obj\Release\net10.0/" /p:OutDir="C:\Users\Kiarash\RiderProjects\RapidStreamer.BuildingBlocks\Tests\RapidStreamer.UnitTests\bin\Release\net10.0\a04e4e0f-9f33-49ff-adaf-06480d31a5c1\bin\Release\net10.0/" /p:OutputPath="C:\Users\Kiarash\RiderProjects\RapidStreamer.BuildingBlocks\Tests\RapidStreamer.UnitTests\bin\Release\net10.0\a04e4e0f-9f33-49ff-adaf-06480d31a5c1\bin\Release\net10.0/" --output "C:\Users\Kiarash\RiderProjects\RapidStreamer.BuildingBlocks\Tests\RapidStreamer.UnitTests\bin\Release\net10.0\a04e4e0f-9f33-49ff-adaf-06480d31a5c1\bin\Release\net10.0/" in C:\Users\Kiarash\RiderProjects\RapidStreamer.BuildingBlocks\Tests\RapidStreamer.UnitTests\bin\Release\net10.0\a04e4e0f-9f33-49ff-adaf-06480d31a5c1
// command took 22.83 sec and exited with 0
// ***** Done, took 00:00:26 (26.49 sec)   *****
// Found 9 benchmarks:
//   CollectionHelperBenchmark.Filter_Array: DefaultJob
//   CollectionHelperBenchmark.Filter_List: DefaultJob
//   CollectionHelperBenchmark.Convert_Array: DefaultJob
//   CollectionHelperBenchmark.ForEach_Array: DefaultJob
//   CollectionHelperBenchmark.ForEach_List: DefaultJob
//   CollectionHelperBenchmark.Linq_Filter_Array: DefaultJob
//   CollectionHelperBenchmark.Linq_Convert_Array: DefaultJob
//   CollectionHelperBenchmark.Linq_ForEach_Array: DefaultJob
//   CollectionHelperBenchmark.ForEach_LinkedArray: DefaultJob

Setup power plan (GUID: 8c5e7fda-e8bf-4a96-9a85-a6e23a8c635c FriendlyName: High performance)
// **************************
// Benchmark: CollectionHelperBenchmark.Filter_Array: DefaultJob
// *** Execute ***
// Launch: 1 / 1
// Execute: dotnet a04e4e0f-9f33-49ff-adaf-06480d31a5c1.dll --anonymousPipes 1668 1676 --benchmarkName RapidStreamer.UnitTests.CollectionHelperBenchmark.Filter_Array --job Default --benchmarkId 0 in C:\Users\Kiarash\RiderProjects\RapidStreamer.BuildingBlocks\Tests\RapidStreamer.UnitTests\bin\Release\net10.0\a04e4e0f-9f33-49ff-adaf-06480d31a5c1\bin\Release\net10.0
// BeforeAnythingElse

// Benchmark Process Environment Information:
// BenchmarkDotNet v0.14.0
// Runtime=.NET 10.0.0 (10.0.25.52411), X64 RyuJIT AVX-512F+CD+BW+DQ+VL+VBMI
// GC=Concurrent Workstation
// HardwareIntrinsics=AVX-512F+CD+BW+DQ+VL+VBMI,AES,BMI1,BMI2,FMA,LZCNT,PCLMUL,POPCNT VectorSize=256
// Job: DefaultJob

OverheadJitting  1: 1 op, 257800.00 ns, 257.8000 us/op
WorkloadJitting  1: 1 op, 6260200.00 ns, 6.2602 ms/op

OverheadJitting  2: 16 op, 189400.00 ns, 11.8375 us/op
WorkloadJitting  2: 16 op, 5183300.00 ns, 323.9563 us/op

WorkloadPilot    1: 16 op, 4009500.00 ns, 250.5938 us/op
WorkloadPilot    2: 32 op, 7447700.00 ns, 232.7406 us/op
WorkloadPilot    3: 64 op, 15570000.00 ns, 243.2813 us/op
WorkloadPilot    4: 128 op, 31369900.00 ns, 245.0773 us/op
WorkloadPilot    5: 256 op, 65145500.00 ns, 254.4746 us/op
WorkloadPilot    6: 512 op, 125732300.00 ns, 245.5709 us/op
WorkloadPilot    7: 1024 op, 228321100.00 ns, 222.9698 us/op
WorkloadPilot    8: 2048 op, 427404600.00 ns, 208.6937 us/op
WorkloadPilot    9: 4096 op, 832443400.00 ns, 203.2333 us/op

OverheadWarmup   1: 4096 op, 12400.00 ns, 3.0273 ns/op
OverheadWarmup   2: 4096 op, 10500.00 ns, 2.5635 ns/op
OverheadWarmup   3: 4096 op, 9900.00 ns, 2.4170 ns/op
OverheadWarmup   4: 4096 op, 9900.00 ns, 2.4170 ns/op
OverheadWarmup   5: 4096 op, 10000.00 ns, 2.4414 ns/op
OverheadWarmup   6: 4096 op, 10000.00 ns, 2.4414 ns/op
OverheadWarmup   7: 4096 op, 8900.00 ns, 2.1729 ns/op

OverheadActual   1: 4096 op, 9900.00 ns, 2.4170 ns/op
OverheadActual   2: 4096 op, 11100.00 ns, 2.7100 ns/op
OverheadActual   3: 4096 op, 9800.00 ns, 2.3926 ns/op
OverheadActual   4: 4096 op, 10700.00 ns, 2.6123 ns/op
OverheadActual   5: 4096 op, 9700.00 ns, 2.3682 ns/op
OverheadActual   6: 4096 op, 12300.00 ns, 3.0029 ns/op
OverheadActual   7: 4096 op, 9700.00 ns, 2.3682 ns/op
OverheadActual   8: 4096 op, 10700.00 ns, 2.6123 ns/op
OverheadActual   9: 4096 op, 10200.00 ns, 2.4902 ns/op
OverheadActual  10: 4096 op, 15600.00 ns, 3.8086 ns/op
OverheadActual  11: 4096 op, 9700.00 ns, 2.3682 ns/op
OverheadActual  12: 4096 op, 9300.00 ns, 2.2705 ns/op
OverheadActual  13: 4096 op, 9300.00 ns, 2.2705 ns/op
OverheadActual  14: 4096 op, 9000.00 ns, 2.1973 ns/op
OverheadActual  15: 4096 op, 11100.00 ns, 2.7100 ns/op
OverheadActual  16: 4096 op, 12200.00 ns, 2.9785 ns/op
OverheadActual  17: 4096 op, 12500.00 ns, 3.0518 ns/op
OverheadActual  18: 4096 op, 10200.00 ns, 2.4902 ns/op
OverheadActual  19: 4096 op, 10600.00 ns, 2.5879 ns/op
OverheadActual  20: 4096 op, 10300.00 ns, 2.5146 ns/op

WorkloadWarmup   1: 4096 op, 859560300.00 ns, 209.8536 us/op
WorkloadWarmup   2: 4096 op, 844214700.00 ns, 206.1071 us/op
WorkloadWarmup   3: 4096 op, 826413100.00 ns, 201.7610 us/op
WorkloadWarmup   4: 4096 op, 870094700.00 ns, 212.4255 us/op
WorkloadWarmup   5: 4096 op, 889732600.00 ns, 217.2199 us/op
WorkloadWarmup   6: 4096 op, 874602900.00 ns, 213.5261 us/op
WorkloadWarmup   7: 4096 op, 863127200.00 ns, 210.7244 us/op
WorkloadWarmup   8: 4096 op, 864275400.00 ns, 211.0047 us/op
WorkloadWarmup   9: 4096 op, 860055900.00 ns, 209.9746 us/op

// BeforeActualRun
WorkloadActual   1: 4096 op, 892438300.00 ns, 217.8804 us/op
WorkloadActual   2: 4096 op, 898275200.00 ns, 219.3055 us/op
WorkloadActual   3: 4096 op, 852749900.00 ns, 208.1909 us/op
WorkloadActual   4: 4096 op, 845422700.00 ns, 206.4020 us/op
WorkloadActual   5: 4096 op, 857505300.00 ns, 209.3519 us/op
WorkloadActual   6: 4096 op, 872449600.00 ns, 213.0004 us/op
WorkloadActual   7: 4096 op, 869270700.00 ns, 212.2243 us/op
WorkloadActual   8: 4096 op, 951314000.00 ns, 232.2544 us/op
WorkloadActual   9: 4096 op, 879305600.00 ns, 214.6742 us/op
WorkloadActual  10: 4096 op, 867502400.00 ns, 211.7926 us/op
WorkloadActual  11: 4096 op, 870052300.00 ns, 212.4151 us/op
WorkloadActual  12: 4096 op, 890161300.00 ns, 217.3245 us/op
WorkloadActual  13: 4096 op, 918998200.00 ns, 224.3648 us/op
WorkloadActual  14: 4096 op, 856561200.00 ns, 209.1214 us/op
WorkloadActual  15: 4096 op, 862701800.00 ns, 210.6206 us/op
WorkloadActual  16: 4096 op, 834582000.00 ns, 203.7554 us/op
WorkloadActual  17: 4096 op, 849450300.00 ns, 207.3853 us/op
WorkloadActual  18: 4096 op, 913469300.00 ns, 223.0150 us/op
WorkloadActual  19: 4096 op, 850152400.00 ns, 207.5567 us/op
WorkloadActual  20: 4096 op, 846105700.00 ns, 206.5688 us/op
WorkloadActual  21: 4096 op, 859991200.00 ns, 209.9588 us/op
WorkloadActual  22: 4096 op, 848596700.00 ns, 207.1769 us/op
WorkloadActual  23: 4096 op, 879581100.00 ns, 214.7415 us/op
WorkloadActual  24: 4096 op, 850291000.00 ns, 207.5906 us/op
WorkloadActual  25: 4096 op, 838786600.00 ns, 204.7819 us/op
WorkloadActual  26: 4096 op, 847441600.00 ns, 206.8949 us/op

// AfterActualRun
WorkloadResult   1: 4096 op, 892428050.00 ns, 217.8779 us/op
WorkloadResult   2: 4096 op, 898264950.00 ns, 219.3030 us/op
WorkloadResult   3: 4096 op, 852739650.00 ns, 208.1884 us/op
WorkloadResult   4: 4096 op, 845412450.00 ns, 206.3995 us/op
WorkloadResult   5: 4096 op, 857495050.00 ns, 209.3494 us/op
WorkloadResult   6: 4096 op, 872439350.00 ns, 212.9979 us/op
WorkloadResult   7: 4096 op, 869260450.00 ns, 212.2218 us/op
WorkloadResult   8: 4096 op, 879295350.00 ns, 214.6717 us/op
WorkloadResult   9: 4096 op, 867492150.00 ns, 211.7901 us/op
WorkloadResult  10: 4096 op, 870042050.00 ns, 212.4126 us/op
WorkloadResult  11: 4096 op, 890151050.00 ns, 217.3220 us/op
WorkloadResult  12: 4096 op, 918987950.00 ns, 224.3623 us/op
WorkloadResult  13: 4096 op, 856550950.00 ns, 209.1189 us/op
WorkloadResult  14: 4096 op, 862691550.00 ns, 210.6181 us/op
WorkloadResult  15: 4096 op, 834571750.00 ns, 203.7529 us/op
WorkloadResult  16: 4096 op, 849440050.00 ns, 207.3828 us/op
WorkloadResult  17: 4096 op, 913459050.00 ns, 223.0125 us/op
WorkloadResult  18: 4096 op, 850142150.00 ns, 207.5542 us/op
WorkloadResult  19: 4096 op, 846095450.00 ns, 206.5663 us/op
WorkloadResult  20: 4096 op, 859980950.00 ns, 209.9563 us/op
WorkloadResult  21: 4096 op, 848586450.00 ns, 207.1744 us/op
WorkloadResult  22: 4096 op, 879570850.00 ns, 214.7390 us/op
WorkloadResult  23: 4096 op, 850280750.00 ns, 207.5881 us/op
WorkloadResult  24: 4096 op, 838776350.00 ns, 204.7794 us/op
WorkloadResult  25: 4096 op, 847431350.00 ns, 206.8924 us/op
// GC:  511 511 511 2149195840 4096
// Threading:  0 0 4096

// AfterAll
// Benchmark Process 14368 has exited with code 0.

Mean = 211.441 μs, StdErr = 1.099 μs (0.52%), N = 25, StdDev = 5.497 μs
Min = 203.753 μs, Q1 = 207.383 μs, Median = 209.956 μs, Q3 = 214.672 μs, Max = 224.362 μs
IQR = 7.289 μs, LowerFence = 196.449 μs, UpperFence = 225.605 μs
ConfidenceInterval = [207.323 μs; 215.559 μs] (CI 99.9%), Margin = 4.118 μs (1.95% of Mean)
Skewness = 0.8, Kurtosis = 2.68, MValue = 2

// ** Remained 13 (92.9%) benchmark(s) to run. Estimated finish 2025-12-02 12:42 (0h 7m from now) **
Setup power plan (GUID: 8c5e7fda-e8bf-4a96-9a85-a6e23a8c635c FriendlyName: High performance)
// **************************
// Benchmark: CollectionHelperBenchmark.Filter_List: DefaultJob
// *** Execute ***
// Launch: 1 / 1
// Execute: dotnet a04e4e0f-9f33-49ff-adaf-06480d31a5c1.dll --anonymousPipes 1816 1680 --benchmarkName RapidStreamer.UnitTests.CollectionHelperBenchmark.Filter_List --job Default --benchmarkId 1 in C:\Users\Kiarash\RiderProjects\RapidStreamer.BuildingBlocks\Tests\RapidStreamer.UnitTests\bin\Release\net10.0\a04e4e0f-9f33-49ff-adaf-06480d31a5c1\bin\Release\net10.0
// BeforeAnythingElse

// Benchmark Process Environment Information:
// BenchmarkDotNet v0.14.0
// Runtime=.NET 10.0.0 (10.0.25.52411), X64 RyuJIT AVX-512F+CD+BW+DQ+VL+VBMI
// GC=Concurrent Workstation
// HardwareIntrinsics=AVX-512F+CD+BW+DQ+VL+VBMI,AES,BMI1,BMI2,FMA,LZCNT,PCLMUL,POPCNT VectorSize=256
// Job: DefaultJob

OverheadJitting  1: 1 op, 217900.00 ns, 217.9000 us/op
WorkloadJitting  1: 1 op, 6768600.00 ns, 6.7686 ms/op

OverheadJitting  2: 16 op, 242600.00 ns, 15.1625 us/op
WorkloadJitting  2: 16 op, 5704300.00 ns, 356.5188 us/op

WorkloadPilot    1: 16 op, 6307500.00 ns, 394.2188 us/op
WorkloadPilot    2: 32 op, 10665000.00 ns, 333.2813 us/op
WorkloadPilot    3: 64 op, 24824900.00 ns, 387.8891 us/op
WorkloadPilot    4: 128 op, 51383100.00 ns, 401.4305 us/op
WorkloadPilot    5: 256 op, 92416600.00 ns, 361.0023 us/op
WorkloadPilot    6: 512 op, 172805900.00 ns, 337.5115 us/op
WorkloadPilot    7: 1024 op, 329078700.00 ns, 321.3659 us/op
WorkloadPilot    8: 2048 op, 734013000.00 ns, 358.4048 us/op

OverheadWarmup   1: 2048 op, 7800.00 ns, 3.8086 ns/op
OverheadWarmup   2: 2048 op, 5600.00 ns, 2.7344 ns/op
OverheadWarmup   3: 2048 op, 5800.00 ns, 2.8320 ns/op
OverheadWarmup   4: 2048 op, 5300.00 ns, 2.5879 ns/op
OverheadWarmup   5: 2048 op, 5300.00 ns, 2.5879 ns/op
OverheadWarmup   6: 2048 op, 5200.00 ns, 2.5391 ns/op

OverheadActual   1: 2048 op, 5000.00 ns, 2.4414 ns/op
OverheadActual   2: 2048 op, 6500.00 ns, 3.1738 ns/op
OverheadActual   3: 2048 op, 5600.00 ns, 2.7344 ns/op
OverheadActual   4: 2048 op, 5100.00 ns, 2.4902 ns/op
OverheadActual   5: 2048 op, 5200.00 ns, 2.5391 ns/op
OverheadActual   6: 2048 op, 5000.00 ns, 2.4414 ns/op
OverheadActual   7: 2048 op, 4700.00 ns, 2.2949 ns/op
OverheadActual   8: 2048 op, 6500.00 ns, 3.1738 ns/op
OverheadActual   9: 2048 op, 5200.00 ns, 2.5391 ns/op
OverheadActual  10: 2048 op, 6000.00 ns, 2.9297 ns/op
OverheadActual  11: 2048 op, 5400.00 ns, 2.6367 ns/op
OverheadActual  12: 2048 op, 5200.00 ns, 2.5391 ns/op
OverheadActual  13: 2048 op, 5100.00 ns, 2.4902 ns/op
OverheadActual  14: 2048 op, 4900.00 ns, 2.3926 ns/op
OverheadActual  15: 2048 op, 4900.00 ns, 2.3926 ns/op
OverheadActual  16: 2048 op, 5100.00 ns, 2.4902 ns/op
OverheadActual  17: 2048 op, 4900.00 ns, 2.3926 ns/op
OverheadActual  18: 2048 op, 5100.00 ns, 2.4902 ns/op
OverheadActual  19: 2048 op, 5400.00 ns, 2.6367 ns/op
OverheadActual  20: 2048 op, 5100.00 ns, 2.4902 ns/op

WorkloadWarmup   1: 2048 op, 702543900.00 ns, 343.0390 us/op
WorkloadWarmup   2: 2048 op, 669011400.00 ns, 326.6657 us/op
WorkloadWarmup   3: 2048 op, 640262600.00 ns, 312.6282 us/op
WorkloadWarmup   4: 2048 op, 638239900.00 ns, 311.6406 us/op
WorkloadWarmup   5: 2048 op, 652175900.00 ns, 318.4453 us/op
WorkloadWarmup   6: 2048 op, 653216500.00 ns, 318.9534 us/op
WorkloadWarmup   7: 2048 op, 649337800.00 ns, 317.0595 us/op
WorkloadWarmup   8: 2048 op, 646787800.00 ns, 315.8144 us/op
WorkloadWarmup   9: 2048 op, 637847700.00 ns, 311.4491 us/op
WorkloadWarmup  10: 2048 op, 644652200.00 ns, 314.7716 us/op
WorkloadWarmup  11: 2048 op, 680672700.00 ns, 332.3597 us/op
WorkloadWarmup  12: 2048 op, 646793200.00 ns, 315.8170 us/op

// BeforeActualRun
WorkloadActual   1: 2048 op, 649225400.00 ns, 317.0046 us/op
WorkloadActual   2: 2048 op, 651652100.00 ns, 318.1895 us/op
WorkloadActual   3: 2048 op, 654486700.00 ns, 319.5736 us/op
WorkloadActual   4: 2048 op, 657119600.00 ns, 320.8592 us/op
WorkloadActual   5: 2048 op, 662413100.00 ns, 323.4439 us/op
WorkloadActual   6: 2048 op, 650139200.00 ns, 317.4508 us/op
WorkloadActual   7: 2048 op, 653619900.00 ns, 319.1503 us/op
WorkloadActual   8: 2048 op, 662147500.00 ns, 323.3142 us/op
WorkloadActual   9: 2048 op, 663211800.00 ns, 323.8339 us/op
WorkloadActual  10: 2048 op, 667100400.00 ns, 325.7326 us/op
WorkloadActual  11: 2048 op, 644869300.00 ns, 314.8776 us/op
WorkloadActual  12: 2048 op, 686360000.00 ns, 335.1367 us/op
WorkloadActual  13: 2048 op, 680050400.00 ns, 332.0559 us/op
WorkloadActual  14: 2048 op, 654889300.00 ns, 319.7702 us/op
WorkloadActual  15: 2048 op, 649712800.00 ns, 317.2426 us/op

// AfterActualRun
WorkloadResult   1: 2048 op, 649220300.00 ns, 317.0021 us/op
WorkloadResult   2: 2048 op, 651647000.00 ns, 318.1870 us/op
WorkloadResult   3: 2048 op, 654481600.00 ns, 319.5711 us/op
WorkloadResult   4: 2048 op, 657114500.00 ns, 320.8567 us/op
WorkloadResult   5: 2048 op, 662408000.00 ns, 323.4414 us/op
WorkloadResult   6: 2048 op, 650134100.00 ns, 317.4483 us/op
WorkloadResult   7: 2048 op, 653614800.00 ns, 319.1479 us/op
WorkloadResult   8: 2048 op, 662142400.00 ns, 323.3117 us/op
WorkloadResult   9: 2048 op, 663206700.00 ns, 323.8314 us/op
WorkloadResult  10: 2048 op, 667095300.00 ns, 325.7301 us/op
WorkloadResult  11: 2048 op, 644864200.00 ns, 314.8751 us/op
WorkloadResult  12: 2048 op, 680045300.00 ns, 332.0534 us/op
WorkloadResult  13: 2048 op, 654884200.00 ns, 319.7677 us/op
WorkloadResult  14: 2048 op, 649707700.00 ns, 317.2401 us/op
// GC:  511 511 511 1893933152 2048
// Threading:  0 0 2048

// AfterAll
// Benchmark Process 38536 has exited with code 0.

Mean = 320.890 μs, StdErr = 1.193 μs (0.37%), N = 14, StdDev = 4.462 μs
Min = 314.875 μs, Q1 = 317.633 μs, Median = 319.669 μs, Q3 = 323.409 μs, Max = 332.053 μs
IQR = 5.776 μs, LowerFence = 308.969 μs, UpperFence = 332.073 μs
ConfidenceInterval = [315.856 μs; 325.924 μs] (CI 99.9%), Margin = 5.034 μs (1.57% of Mean)
Skewness = 0.94, Kurtosis = 3.27, MValue = 2

// ** Remained 12 (85.7%) benchmark(s) to run. Estimated finish 2025-12-02 12:40 (0h 5m from now) **
Setup power plan (GUID: 8c5e7fda-e8bf-4a96-9a85-a6e23a8c635c FriendlyName: High performance)
// **************************
// Benchmark: CollectionHelperBenchmark.Convert_Array: DefaultJob
// *** Execute ***
// Launch: 1 / 1
// Execute: dotnet a04e4e0f-9f33-49ff-adaf-06480d31a5c1.dll --anonymousPipes 1772 2504 --benchmarkName RapidStreamer.UnitTests.CollectionHelperBenchmark.Convert_Array --job Default --benchmarkId 2 in C:\Users\Kiarash\RiderProjects\RapidStreamer.BuildingBlocks\Tests\RapidStreamer.UnitTests\bin\Release\net10.0\a04e4e0f-9f33-49ff-adaf-06480d31a5c1\bin\Release\net10.0
// BeforeAnythingElse

// Benchmark Process Environment Information:
// BenchmarkDotNet v0.14.0
// Runtime=.NET 10.0.0 (10.0.25.52411), X64 RyuJIT AVX-512F+CD+BW+DQ+VL+VBMI
// GC=Concurrent Workstation
// HardwareIntrinsics=AVX-512F+CD+BW+DQ+VL+VBMI,AES,BMI1,BMI2,FMA,LZCNT,PCLMUL,POPCNT VectorSize=256
// Job: DefaultJob

OverheadJitting  1: 1 op, 203500.00 ns, 203.5000 us/op
WorkloadJitting  1: 1 op, 4195900.00 ns, 4.1959 ms/op

OverheadJitting  2: 16 op, 230800.00 ns, 14.4250 us/op
WorkloadJitting  2: 16 op, 4536000.00 ns, 283.5000 us/op

WorkloadPilot    1: 16 op, 2598500.00 ns, 162.4063 us/op
WorkloadPilot    2: 32 op, 5608300.00 ns, 175.2594 us/op
WorkloadPilot    3: 64 op, 10744400.00 ns, 167.8813 us/op
WorkloadPilot    4: 128 op, 24006900.00 ns, 187.5539 us/op
WorkloadPilot    5: 256 op, 46824700.00 ns, 182.9090 us/op
WorkloadPilot    6: 512 op, 83287700.00 ns, 162.6713 us/op
WorkloadPilot    7: 1024 op, 152458800.00 ns, 148.8855 us/op
WorkloadPilot    8: 2048 op, 290065300.00 ns, 141.6334 us/op
WorkloadPilot    9: 4096 op, 605596500.00 ns, 147.8507 us/op

OverheadWarmup   1: 4096 op, 12000.00 ns, 2.9297 ns/op
OverheadWarmup   2: 4096 op, 11900.00 ns, 2.9053 ns/op
OverheadWarmup   3: 4096 op, 10500.00 ns, 2.5635 ns/op
OverheadWarmup   4: 4096 op, 10800.00 ns, 2.6367 ns/op
OverheadWarmup   5: 4096 op, 10100.00 ns, 2.4658 ns/op
OverheadWarmup   6: 4096 op, 10100.00 ns, 2.4658 ns/op
OverheadWarmup   7: 4096 op, 9900.00 ns, 2.4170 ns/op

OverheadActual   1: 4096 op, 10000.00 ns, 2.4414 ns/op
OverheadActual   2: 4096 op, 9700.00 ns, 2.3682 ns/op
OverheadActual   3: 4096 op, 9700.00 ns, 2.3682 ns/op
OverheadActual   4: 4096 op, 9700.00 ns, 2.3682 ns/op
OverheadActual   5: 4096 op, 10000.00 ns, 2.4414 ns/op
OverheadActual   6: 4096 op, 9800.00 ns, 2.3926 ns/op
OverheadActual   7: 4096 op, 9900.00 ns, 2.4170 ns/op
OverheadActual   8: 4096 op, 10200.00 ns, 2.4902 ns/op
OverheadActual   9: 4096 op, 10000.00 ns, 2.4414 ns/op
OverheadActual  10: 4096 op, 10400.00 ns, 2.5391 ns/op
OverheadActual  11: 4096 op, 12000.00 ns, 2.9297 ns/op
OverheadActual  12: 4096 op, 9500.00 ns, 2.3193 ns/op
OverheadActual  13: 4096 op, 11500.00 ns, 2.8076 ns/op
OverheadActual  14: 4096 op, 66400.00 ns, 16.2109 ns/op
OverheadActual  15: 4096 op, 10200.00 ns, 2.4902 ns/op

WorkloadWarmup   1: 4096 op, 615400200.00 ns, 150.2442 us/op
WorkloadWarmup   2: 4096 op, 610035300.00 ns, 148.9344 us/op
WorkloadWarmup   3: 4096 op, 595785200.00 ns, 145.4554 us/op
WorkloadWarmup   4: 4096 op, 600287800.00 ns, 146.5546 us/op
WorkloadWarmup   5: 4096 op, 599359100.00 ns, 146.3279 us/op
WorkloadWarmup   6: 4096 op, 595202400.00 ns, 145.3131 us/op
WorkloadWarmup   7: 4096 op, 599647700.00 ns, 146.3984 us/op
WorkloadWarmup   8: 4096 op, 618368700.00 ns, 150.9689 us/op
WorkloadWarmup   9: 4096 op, 615443600.00 ns, 150.2548 us/op

// BeforeActualRun
WorkloadActual   1: 4096 op, 607456000.00 ns, 148.3047 us/op
WorkloadActual   2: 4096 op, 604781200.00 ns, 147.6517 us/op
WorkloadActual   3: 4096 op, 691114700.00 ns, 168.7292 us/op
WorkloadActual   4: 4096 op, 639565200.00 ns, 156.1438 us/op
WorkloadActual   5: 4096 op, 627069200.00 ns, 153.0931 us/op
WorkloadActual   6: 4096 op, 645620300.00 ns, 157.6221 us/op
WorkloadActual   7: 4096 op, 640176900.00 ns, 156.2932 us/op
WorkloadActual   8: 4096 op, 623644900.00 ns, 152.2571 us/op
WorkloadActual   9: 4096 op, 599848100.00 ns, 146.4473 us/op
WorkloadActual  10: 4096 op, 612290100.00 ns, 149.4849 us/op
WorkloadActual  11: 4096 op, 643405300.00 ns, 157.0814 us/op
WorkloadActual  12: 4096 op, 621913300.00 ns, 151.8343 us/op
WorkloadActual  13: 4096 op, 641215400.00 ns, 156.5467 us/op
WorkloadActual  14: 4096 op, 612386800.00 ns, 149.5085 us/op
WorkloadActual  15: 4096 op, 636553100.00 ns, 155.4085 us/op
WorkloadActual  16: 4096 op, 588753200.00 ns, 143.7386 us/op
WorkloadActual  17: 4096 op, 613313400.00 ns, 149.7347 us/op
WorkloadActual  18: 4096 op, 607876600.00 ns, 148.4074 us/op
WorkloadActual  19: 4096 op, 608641700.00 ns, 148.5942 us/op
WorkloadActual  20: 4096 op, 639215300.00 ns, 156.0584 us/op
WorkloadActual  21: 4096 op, 619242900.00 ns, 151.1823 us/op
WorkloadActual  22: 4096 op, 623106700.00 ns, 152.1257 us/op
WorkloadActual  23: 4096 op, 697763000.00 ns, 170.3523 us/op
WorkloadActual  24: 4096 op, 618984000.00 ns, 151.1191 us/op
WorkloadActual  25: 4096 op, 670836100.00 ns, 163.7783 us/op
WorkloadActual  26: 4096 op, 837950100.00 ns, 204.5777 us/op
WorkloadActual  27: 4096 op, 674355800.00 ns, 164.6376 us/op
WorkloadActual  28: 4096 op, 640581900.00 ns, 156.3921 us/op
WorkloadActual  29: 4096 op, 647087700.00 ns, 157.9804 us/op
WorkloadActual  30: 4096 op, 685572100.00 ns, 167.3760 us/op
WorkloadActual  31: 4096 op, 644119900.00 ns, 157.2558 us/op
WorkloadActual  32: 4096 op, 647392900.00 ns, 158.0549 us/op
WorkloadActual  33: 4096 op, 601222000.00 ns, 146.7827 us/op
WorkloadActual  34: 4096 op, 612391000.00 ns, 149.5095 us/op
WorkloadActual  35: 4096 op, 621361600.00 ns, 151.6996 us/op
WorkloadActual  36: 4096 op, 593152200.00 ns, 144.8125 us/op
WorkloadActual  37: 4096 op, 608280700.00 ns, 148.5060 us/op
WorkloadActual  38: 4096 op, 677822000.00 ns, 165.4839 us/op
WorkloadActual  39: 4096 op, 668047000.00 ns, 163.0974 us/op
WorkloadActual  40: 4096 op, 642963400.00 ns, 156.9735 us/op
WorkloadActual  41: 4096 op, 626361300.00 ns, 152.9202 us/op
WorkloadActual  42: 4096 op, 605717800.00 ns, 147.8803 us/op
WorkloadActual  43: 4096 op, 612261000.00 ns, 149.4778 us/op
WorkloadActual  44: 4096 op, 705156500.00 ns, 172.1573 us/op
WorkloadActual  45: 4096 op, 588608400.00 ns, 143.7032 us/op
WorkloadActual  46: 4096 op, 619431600.00 ns, 151.2284 us/op
WorkloadActual  47: 4096 op, 770516700.00 ns, 188.1144 us/op
WorkloadActual  48: 4096 op, 664437100.00 ns, 162.2161 us/op
WorkloadActual  49: 4096 op, 600844000.00 ns, 146.6904 us/op
WorkloadActual  50: 4096 op, 607008800.00 ns, 148.1955 us/op
WorkloadActual  51: 4096 op, 604141200.00 ns, 147.4954 us/op
WorkloadActual  52: 4096 op, 601355900.00 ns, 146.8154 us/op
WorkloadActual  53: 4096 op, 612897900.00 ns, 149.6333 us/op
WorkloadActual  54: 4096 op, 600477900.00 ns, 146.6010 us/op
WorkloadActual  55: 4096 op, 622674600.00 ns, 152.0202 us/op
WorkloadActual  56: 4096 op, 600847600.00 ns, 146.6913 us/op
WorkloadActual  57: 4096 op, 633748300.00 ns, 154.7237 us/op
WorkloadActual  58: 4096 op, 615939000.00 ns, 150.3757 us/op

// AfterActualRun
WorkloadResult   1: 4096 op, 607446000.00 ns, 148.3022 us/op
WorkloadResult   2: 4096 op, 604771200.00 ns, 147.6492 us/op
WorkloadResult   3: 4096 op, 691104700.00 ns, 168.7267 us/op
WorkloadResult   4: 4096 op, 639555200.00 ns, 156.1414 us/op
WorkloadResult   5: 4096 op, 627059200.00 ns, 153.0906 us/op
WorkloadResult   6: 4096 op, 645610300.00 ns, 157.6197 us/op
WorkloadResult   7: 4096 op, 640166900.00 ns, 156.2907 us/op
WorkloadResult   8: 4096 op, 623634900.00 ns, 152.2546 us/op
WorkloadResult   9: 4096 op, 599838100.00 ns, 146.4448 us/op
WorkloadResult  10: 4096 op, 612280100.00 ns, 149.4824 us/op
WorkloadResult  11: 4096 op, 643395300.00 ns, 157.0789 us/op
WorkloadResult  12: 4096 op, 621903300.00 ns, 151.8319 us/op
WorkloadResult  13: 4096 op, 641205400.00 ns, 156.5443 us/op
WorkloadResult  14: 4096 op, 612376800.00 ns, 149.5061 us/op
WorkloadResult  15: 4096 op, 636543100.00 ns, 155.4060 us/op
WorkloadResult  16: 4096 op, 588743200.00 ns, 143.7361 us/op
WorkloadResult  17: 4096 op, 613303400.00 ns, 149.7323 us/op
WorkloadResult  18: 4096 op, 607866600.00 ns, 148.4049 us/op
WorkloadResult  19: 4096 op, 608631700.00 ns, 148.5917 us/op
WorkloadResult  20: 4096 op, 639205300.00 ns, 156.0560 us/op
WorkloadResult  21: 4096 op, 619232900.00 ns, 151.1799 us/op
WorkloadResult  22: 4096 op, 623096700.00 ns, 152.1232 us/op
WorkloadResult  23: 4096 op, 697753000.00 ns, 170.3499 us/op
WorkloadResult  24: 4096 op, 618974000.00 ns, 151.1167 us/op
WorkloadResult  25: 4096 op, 670826100.00 ns, 163.7759 us/op
WorkloadResult  26: 4096 op, 674345800.00 ns, 164.6352 us/op
WorkloadResult  27: 4096 op, 640571900.00 ns, 156.3896 us/op
WorkloadResult  28: 4096 op, 647077700.00 ns, 157.9780 us/op
WorkloadResult  29: 4096 op, 685562100.00 ns, 167.3736 us/op
WorkloadResult  30: 4096 op, 644109900.00 ns, 157.2534 us/op
WorkloadResult  31: 4096 op, 647382900.00 ns, 158.0525 us/op
WorkloadResult  32: 4096 op, 601212000.00 ns, 146.7803 us/op
WorkloadResult  33: 4096 op, 612381000.00 ns, 149.5071 us/op
WorkloadResult  34: 4096 op, 621351600.00 ns, 151.6972 us/op
WorkloadResult  35: 4096 op, 593142200.00 ns, 144.8101 us/op
WorkloadResult  36: 4096 op, 608270700.00 ns, 148.5036 us/op
WorkloadResult  37: 4096 op, 677812000.00 ns, 165.4814 us/op
WorkloadResult  38: 4096 op, 668037000.00 ns, 163.0950 us/op
WorkloadResult  39: 4096 op, 642953400.00 ns, 156.9710 us/op
WorkloadResult  40: 4096 op, 626351300.00 ns, 152.9178 us/op
WorkloadResult  41: 4096 op, 605707800.00 ns, 147.8779 us/op
WorkloadResult  42: 4096 op, 612251000.00 ns, 149.4753 us/op
WorkloadResult  43: 4096 op, 588598400.00 ns, 143.7008 us/op
WorkloadResult  44: 4096 op, 619421600.00 ns, 151.2260 us/op
WorkloadResult  45: 4096 op, 664427100.00 ns, 162.2136 us/op
WorkloadResult  46: 4096 op, 600834000.00 ns, 146.6880 us/op
WorkloadResult  47: 4096 op, 606998800.00 ns, 148.1931 us/op
WorkloadResult  48: 4096 op, 604131200.00 ns, 147.4930 us/op
WorkloadResult  49: 4096 op, 601345900.00 ns, 146.8130 us/op
WorkloadResult  50: 4096 op, 612887900.00 ns, 149.6308 us/op
WorkloadResult  51: 4096 op, 600467900.00 ns, 146.5986 us/op
WorkloadResult  52: 4096 op, 622664600.00 ns, 152.0177 us/op
WorkloadResult  53: 4096 op, 600837600.00 ns, 146.6889 us/op
WorkloadResult  54: 4096 op, 633738300.00 ns, 154.7213 us/op
WorkloadResult  55: 4096 op, 615929000.00 ns, 150.3733 us/op
// GC:  511 511 511 1638670400 4096
// Threading:  0 0 4096

// AfterAll
// Benchmark Process 9876 has exited with code 0.

Mean = 153.211 μs, StdErr = 0.879 μs (0.57%), N = 55, StdDev = 6.521 μs
Min = 143.701 μs, Q1 = 148.354 μs, Median = 151.697 μs, Q3 = 156.758 μs, Max = 170.350 μs
IQR = 8.404 μs, LowerFence = 135.747 μs, UpperFence = 169.364 μs
ConfidenceInterval = [150.151 μs; 156.271 μs] (CI 99.9%), Margin = 3.060 μs (2.00% of Mean)
Skewness = 0.86, Kurtosis = 2.96, MValue = 2.76

// ** Remained 11 (78.6%) benchmark(s) to run. Estimated finish 2025-12-02 12:42 (0h 5m from now) **
Setup power plan (GUID: 8c5e7fda-e8bf-4a96-9a85-a6e23a8c635c FriendlyName: High performance)
// **************************
// Benchmark: CollectionHelperBenchmark.ForEach_Array: DefaultJob
// *** Execute ***
// Launch: 1 / 1
// Execute: dotnet a04e4e0f-9f33-49ff-adaf-06480d31a5c1.dll --anonymousPipes 1660 1652 --benchmarkName RapidStreamer.UnitTests.CollectionHelperBenchmark.ForEach_Array --job Default --benchmarkId 3 in C:\Users\Kiarash\RiderProjects\RapidStreamer.BuildingBlocks\Tests\RapidStreamer.UnitTests\bin\Release\net10.0\a04e4e0f-9f33-49ff-adaf-06480d31a5c1\bin\Release\net10.0
// BeforeAnythingElse

// Benchmark Process Environment Information:
// BenchmarkDotNet v0.14.0
// Runtime=.NET 10.0.0 (10.0.25.52411), X64 RyuJIT AVX-512F+CD+BW+DQ+VL+VBMI
// GC=Concurrent Workstation
// HardwareIntrinsics=AVX-512F+CD+BW+DQ+VL+VBMI,AES,BMI1,BMI2,FMA,LZCNT,PCLMUL,POPCNT VectorSize=256
// Job: DefaultJob

OverheadJitting  1: 1 op, 239500.00 ns, 239.5000 us/op
WorkloadJitting  1: 1 op, 4424200.00 ns, 4.4242 ms/op

OverheadJitting  2: 16 op, 233100.00 ns, 14.5688 us/op
WorkloadJitting  2: 16 op, 3823300.00 ns, 238.9563 us/op

WorkloadPilot    1: 16 op, 3262200.00 ns, 203.8875 us/op
WorkloadPilot    2: 32 op, 9104600.00 ns, 284.5188 us/op
WorkloadPilot    3: 64 op, 13790900.00 ns, 215.4828 us/op
WorkloadPilot    4: 128 op, 25253600.00 ns, 197.2938 us/op
WorkloadPilot    5: 256 op, 52085600.00 ns, 203.4594 us/op
WorkloadPilot    6: 512 op, 104365100.00 ns, 203.8381 us/op
WorkloadPilot    7: 1024 op, 201494700.00 ns, 196.7722 us/op
WorkloadPilot    8: 2048 op, 359468000.00 ns, 175.5215 us/op
WorkloadPilot    9: 4096 op, 707683100.00 ns, 172.7742 us/op

OverheadWarmup   1: 4096 op, 11100.00 ns, 2.7100 ns/op
OverheadWarmup   2: 4096 op, 10000.00 ns, 2.4414 ns/op
OverheadWarmup   3: 4096 op, 9900.00 ns, 2.4170 ns/op
OverheadWarmup   4: 4096 op, 9700.00 ns, 2.3682 ns/op
OverheadWarmup   5: 4096 op, 9700.00 ns, 2.3682 ns/op
OverheadWarmup   6: 4096 op, 9900.00 ns, 2.4170 ns/op
OverheadWarmup   7: 4096 op, 10000.00 ns, 2.4414 ns/op
OverheadWarmup   8: 4096 op, 10200.00 ns, 2.4902 ns/op
OverheadWarmup   9: 4096 op, 9800.00 ns, 2.3926 ns/op
OverheadWarmup  10: 4096 op, 9900.00 ns, 2.4170 ns/op

OverheadActual   1: 4096 op, 9200.00 ns, 2.2461 ns/op
OverheadActual   2: 4096 op, 10700.00 ns, 2.6123 ns/op
OverheadActual   3: 4096 op, 10100.00 ns, 2.4658 ns/op
OverheadActual   4: 4096 op, 20800.00 ns, 5.0781 ns/op
OverheadActual   5: 4096 op, 9700.00 ns, 2.3682 ns/op
OverheadActual   6: 4096 op, 9900.00 ns, 2.4170 ns/op
OverheadActual   7: 4096 op, 11600.00 ns, 2.8320 ns/op
OverheadActual   8: 4096 op, 10900.00 ns, 2.6611 ns/op
OverheadActual   9: 4096 op, 10200.00 ns, 2.4902 ns/op
OverheadActual  10: 4096 op, 9700.00 ns, 2.3682 ns/op
OverheadActual  11: 4096 op, 9700.00 ns, 2.3682 ns/op
OverheadActual  12: 4096 op, 9600.00 ns, 2.3438 ns/op
OverheadActual  13: 4096 op, 9500.00 ns, 2.3193 ns/op
OverheadActual  14: 4096 op, 9700.00 ns, 2.3682 ns/op
OverheadActual  15: 4096 op, 9600.00 ns, 2.3438 ns/op
OverheadActual  16: 4096 op, 10500.00 ns, 2.5635 ns/op
OverheadActual  17: 4096 op, 10300.00 ns, 2.5146 ns/op
OverheadActual  18: 4096 op, 9700.00 ns, 2.3682 ns/op
OverheadActual  19: 4096 op, 9900.00 ns, 2.4170 ns/op

WorkloadWarmup   1: 4096 op, 704889200.00 ns, 172.0921 us/op
WorkloadWarmup   2: 4096 op, 708770900.00 ns, 173.0398 us/op
WorkloadWarmup   3: 4096 op, 700249100.00 ns, 170.9593 us/op
WorkloadWarmup   4: 4096 op, 704609600.00 ns, 172.0238 us/op
WorkloadWarmup   5: 4096 op, 711894100.00 ns, 173.8023 us/op
WorkloadWarmup   6: 4096 op, 704425500.00 ns, 171.9789 us/op

// BeforeActualRun
WorkloadActual   1: 4096 op, 706432600.00 ns, 172.4689 us/op
WorkloadActual   2: 4096 op, 698243700.00 ns, 170.4697 us/op
WorkloadActual   3: 4096 op, 703826100.00 ns, 171.8325 us/op
WorkloadActual   4: 4096 op, 701459200.00 ns, 171.2547 us/op
WorkloadActual   5: 4096 op, 697223000.00 ns, 170.2205 us/op
WorkloadActual   6: 4096 op, 698244000.00 ns, 170.4697 us/op
WorkloadActual   7: 4096 op, 703870400.00 ns, 171.8434 us/op
WorkloadActual   8: 4096 op, 696492700.00 ns, 170.0422 us/op
WorkloadActual   9: 4096 op, 702404700.00 ns, 171.4855 us/op
WorkloadActual  10: 4096 op, 702076700.00 ns, 171.4054 us/op
WorkloadActual  11: 4096 op, 699714700.00 ns, 170.8288 us/op
WorkloadActual  12: 4096 op, 700781200.00 ns, 171.0892 us/op
WorkloadActual  13: 4096 op, 700623300.00 ns, 171.0506 us/op
WorkloadActual  14: 4096 op, 702382700.00 ns, 171.4802 us/op
WorkloadActual  15: 4096 op, 705268600.00 ns, 172.1847 us/op

// AfterActualRun
WorkloadResult   1: 4096 op, 706422700.00 ns, 172.4665 us/op
WorkloadResult   2: 4096 op, 698233800.00 ns, 170.4672 us/op
WorkloadResult   3: 4096 op, 703816200.00 ns, 171.8301 us/op
WorkloadResult   4: 4096 op, 701449300.00 ns, 171.2523 us/op
WorkloadResult   5: 4096 op, 697213100.00 ns, 170.2180 us/op
WorkloadResult   6: 4096 op, 698234100.00 ns, 170.4673 us/op
WorkloadResult   7: 4096 op, 703860500.00 ns, 171.8409 us/op
WorkloadResult   8: 4096 op, 696482800.00 ns, 170.0397 us/op
WorkloadResult   9: 4096 op, 702394800.00 ns, 171.4831 us/op
WorkloadResult  10: 4096 op, 702066800.00 ns, 171.4030 us/op
WorkloadResult  11: 4096 op, 699704800.00 ns, 170.8264 us/op
WorkloadResult  12: 4096 op, 700771300.00 ns, 171.0867 us/op
WorkloadResult  13: 4096 op, 700613400.00 ns, 171.0482 us/op
WorkloadResult  14: 4096 op, 702372800.00 ns, 171.4777 us/op
WorkloadResult  15: 4096 op, 705258700.00 ns, 172.1823 us/op
// GC:  0 0 0 459152 4096
// Threading:  0 0 4096

// AfterAll
// Benchmark Process 41600 has exited with code 0.

Mean = 171.206 μs, StdErr = 0.184 μs (0.11%), N = 15, StdDev = 0.714 μs
Min = 170.040 μs, Q1 = 170.647 μs, Median = 171.252 μs, Q3 = 171.657 μs, Max = 172.466 μs
IQR = 1.010 μs, LowerFence = 169.132 μs, UpperFence = 173.171 μs
ConfidenceInterval = [170.443 μs; 171.969 μs] (CI 99.9%), Margin = 0.763 μs (0.45% of Mean)
Skewness = 0.01, Kurtosis = 1.84, MValue = 2

// ** Remained 10 (71.4%) benchmark(s) to run. Estimated finish 2025-12-02 12:41 (0h 4m from now) **
Setup power plan (GUID: 8c5e7fda-e8bf-4a96-9a85-a6e23a8c635c FriendlyName: High performance)
// **************************
// Benchmark: CollectionHelperBenchmark.ForEach_List: DefaultJob
// *** Execute ***
// Launch: 1 / 1
// Execute: dotnet a04e4e0f-9f33-49ff-adaf-06480d31a5c1.dll --anonymousPipes 1660 1652 --benchmarkName RapidStreamer.UnitTests.CollectionHelperBenchmark.ForEach_List --job Default --benchmarkId 4 in C:\Users\Kiarash\RiderProjects\RapidStreamer.BuildingBlocks\Tests\RapidStreamer.UnitTests\bin\Release\net10.0\a04e4e0f-9f33-49ff-adaf-06480d31a5c1\bin\Release\net10.0
// BeforeAnythingElse

// Benchmark Process Environment Information:
// BenchmarkDotNet v0.14.0
// Runtime=.NET 10.0.0 (10.0.25.52411), X64 RyuJIT AVX-512F+CD+BW+DQ+VL+VBMI
// GC=Concurrent Workstation
// HardwareIntrinsics=AVX-512F+CD+BW+DQ+VL+VBMI,AES,BMI1,BMI2,FMA,LZCNT,PCLMUL,POPCNT VectorSize=256
// Job: DefaultJob

OverheadJitting  1: 1 op, 225800.00 ns, 225.8000 us/op
WorkloadJitting  1: 1 op, 536300.00 ns, 536.3000 us/op

OverheadJitting  2: 16 op, 209100.00 ns, 13.0688 us/op
WorkloadJitting  2: 16 op, 3227400.00 ns, 201.7125 us/op

WorkloadPilot    1: 16 op, 2870500.00 ns, 179.4063 us/op
WorkloadPilot    2: 32 op, 7051600.00 ns, 220.3625 us/op
WorkloadPilot    3: 64 op, 12381200.00 ns, 193.4563 us/op
WorkloadPilot    4: 128 op, 24478200.00 ns, 191.2359 us/op
WorkloadPilot    5: 256 op, 47662400.00 ns, 186.1813 us/op
WorkloadPilot    6: 512 op, 94898300.00 ns, 185.3482 us/op
WorkloadPilot    7: 1024 op, 207085400.00 ns, 202.2318 us/op
WorkloadPilot    8: 2048 op, 336174400.00 ns, 164.1477 us/op
WorkloadPilot    9: 4096 op, 683410600.00 ns, 166.8483 us/op

OverheadWarmup   1: 4096 op, 11300.00 ns, 2.7588 ns/op
OverheadWarmup   2: 4096 op, 9300.00 ns, 2.2705 ns/op
OverheadWarmup   3: 4096 op, 9400.00 ns, 2.2949 ns/op
OverheadWarmup   4: 4096 op, 10000.00 ns, 2.4414 ns/op
OverheadWarmup   5: 4096 op, 10800.00 ns, 2.6367 ns/op
OverheadWarmup   6: 4096 op, 10600.00 ns, 2.5879 ns/op
OverheadWarmup   7: 4096 op, 10100.00 ns, 2.4658 ns/op
OverheadWarmup   8: 4096 op, 10300.00 ns, 2.5146 ns/op
OverheadWarmup   9: 4096 op, 9900.00 ns, 2.4170 ns/op

OverheadActual   1: 4096 op, 10300.00 ns, 2.5146 ns/op
OverheadActual   2: 4096 op, 9700.00 ns, 2.3682 ns/op
OverheadActual   3: 4096 op, 9900.00 ns, 2.4170 ns/op
OverheadActual   4: 4096 op, 9900.00 ns, 2.4170 ns/op
OverheadActual   5: 4096 op, 9500.00 ns, 2.3193 ns/op
OverheadActual   6: 4096 op, 10300.00 ns, 2.5146 ns/op
OverheadActual   7: 4096 op, 9600.00 ns, 2.3438 ns/op
OverheadActual   8: 4096 op, 10700.00 ns, 2.6123 ns/op
OverheadActual   9: 4096 op, 9800.00 ns, 2.3926 ns/op
OverheadActual  10: 4096 op, 9800.00 ns, 2.3926 ns/op
OverheadActual  11: 4096 op, 10000.00 ns, 2.4414 ns/op
OverheadActual  12: 4096 op, 9600.00 ns, 2.3438 ns/op
OverheadActual  13: 4096 op, 9900.00 ns, 2.4170 ns/op
OverheadActual  14: 4096 op, 9500.00 ns, 2.3193 ns/op
OverheadActual  15: 4096 op, 9500.00 ns, 2.3193 ns/op

WorkloadWarmup   1: 4096 op, 684866700.00 ns, 167.2038 us/op
WorkloadWarmup   2: 4096 op, 671722200.00 ns, 163.9947 us/op
WorkloadWarmup   3: 4096 op, 675593600.00 ns, 164.9398 us/op
WorkloadWarmup   4: 4096 op, 685967300.00 ns, 167.4725 us/op
WorkloadWarmup   5: 4096 op, 683426600.00 ns, 166.8522 us/op
WorkloadWarmup   6: 4096 op, 671780300.00 ns, 164.0089 us/op
WorkloadWarmup   7: 4096 op, 683141300.00 ns, 166.7825 us/op
WorkloadWarmup   8: 4096 op, 668710700.00 ns, 163.2594 us/op

// BeforeActualRun
WorkloadActual   1: 4096 op, 685302400.00 ns, 167.3102 us/op
WorkloadActual   2: 4096 op, 689205000.00 ns, 168.2629 us/op
WorkloadActual   3: 4096 op, 693371100.00 ns, 169.2801 us/op
WorkloadActual   4: 4096 op, 682866900.00 ns, 166.7156 us/op
WorkloadActual   5: 4096 op, 691455900.00 ns, 168.8125 us/op
WorkloadActual   6: 4096 op, 680960900.00 ns, 166.2502 us/op
WorkloadActual   7: 4096 op, 691971200.00 ns, 168.9383 us/op
WorkloadActual   8: 4096 op, 680292000.00 ns, 166.0869 us/op
WorkloadActual   9: 4096 op, 681432200.00 ns, 166.3653 us/op
WorkloadActual  10: 4096 op, 684130000.00 ns, 167.0239 us/op
WorkloadActual  11: 4096 op, 680705500.00 ns, 166.1879 us/op
WorkloadActual  12: 4096 op, 694302900.00 ns, 169.5075 us/op
WorkloadActual  13: 4096 op, 686137100.00 ns, 167.5139 us/op
WorkloadActual  14: 4096 op, 684217100.00 ns, 167.0452 us/op
WorkloadActual  15: 4096 op, 687111200.00 ns, 167.7518 us/op

// AfterActualRun
WorkloadResult   1: 4096 op, 685292600.00 ns, 167.3078 us/op
WorkloadResult   2: 4096 op, 689195200.00 ns, 168.2605 us/op
WorkloadResult   3: 4096 op, 693361300.00 ns, 169.2777 us/op
WorkloadResult   4: 4096 op, 682857100.00 ns, 166.7132 us/op
WorkloadResult   5: 4096 op, 691446100.00 ns, 168.8101 us/op
WorkloadResult   6: 4096 op, 680951100.00 ns, 166.2478 us/op
WorkloadResult   7: 4096 op, 691961400.00 ns, 168.9359 us/op
WorkloadResult   8: 4096 op, 680282200.00 ns, 166.0845 us/op
WorkloadResult   9: 4096 op, 681422400.00 ns, 166.3629 us/op
WorkloadResult  10: 4096 op, 684120200.00 ns, 167.0215 us/op
WorkloadResult  11: 4096 op, 680695700.00 ns, 166.1855 us/op
WorkloadResult  12: 4096 op, 694293100.00 ns, 169.5052 us/op
WorkloadResult  13: 4096 op, 686127300.00 ns, 167.5115 us/op
WorkloadResult  14: 4096 op, 684207300.00 ns, 167.0428 us/op
WorkloadResult  15: 4096 op, 687101400.00 ns, 167.7494 us/op
// GC:  0 0 0 98704 4096
// Threading:  0 0 4096

// AfterAll
// Benchmark Process 14988 has exited with code 0.

Mean = 167.534 μs, StdErr = 0.303 μs (0.18%), N = 15, StdDev = 1.173 μs
Min = 166.085 μs, Q1 = 166.538 μs, Median = 167.308 μs, Q3 = 168.535 μs, Max = 169.505 μs
IQR = 1.997 μs, LowerFence = 163.542 μs, UpperFence = 171.531 μs
ConfidenceInterval = [166.280 μs; 168.789 μs] (CI 99.9%), Margin = 1.254 μs (0.75% of Mean)
Skewness = 0.34, Kurtosis = 1.55, MValue = 2

// ** Remained 9 (64.3%) benchmark(s) to run. Estimated finish 2025-12-02 12:40 (0h 4m from now) **
Setup power plan (GUID: 8c5e7fda-e8bf-4a96-9a85-a6e23a8c635c FriendlyName: High performance)
// **************************
// Benchmark: CollectionHelperBenchmark.Linq_Filter_Array: DefaultJob
// *** Execute ***
// Launch: 1 / 1
// Execute: dotnet a04e4e0f-9f33-49ff-adaf-06480d31a5c1.dll --anonymousPipes 1704 2296 --benchmarkName RapidStreamer.UnitTests.CollectionHelperBenchmark.Linq_Filter_Array --job Default --benchmarkId 5 in C:\Users\Kiarash\RiderProjects\RapidStreamer.BuildingBlocks\Tests\RapidStreamer.UnitTests\bin\Release\net10.0\a04e4e0f-9f33-49ff-adaf-06480d31a5c1\bin\Release\net10.0
// BeforeAnythingElse

// Benchmark Process Environment Information:
// BenchmarkDotNet v0.14.0
// Runtime=.NET 10.0.0 (10.0.25.52411), X64 RyuJIT AVX-512F+CD+BW+DQ+VL+VBMI
// GC=Concurrent Workstation
// HardwareIntrinsics=AVX-512F+CD+BW+DQ+VL+VBMI,AES,BMI1,BMI2,FMA,LZCNT,PCLMUL,POPCNT VectorSize=256
// Job: DefaultJob

OverheadJitting  1: 1 op, 207400.00 ns, 207.4000 us/op
WorkloadJitting  1: 1 op, 3702300.00 ns, 3.7023 ms/op

OverheadJitting  2: 16 op, 175600.00 ns, 10.9750 us/op
WorkloadJitting  2: 16 op, 2298900.00 ns, 143.6813 us/op

WorkloadPilot    1: 16 op, 2093500.00 ns, 130.8438 us/op
WorkloadPilot    2: 32 op, 5838700.00 ns, 182.4594 us/op
WorkloadPilot    3: 64 op, 9097400.00 ns, 142.1469 us/op
WorkloadPilot    4: 128 op, 20606500.00 ns, 160.9883 us/op
WorkloadPilot    5: 256 op, 38165900.00 ns, 149.0855 us/op
WorkloadPilot    6: 512 op, 75987700.00 ns, 148.4135 us/op
WorkloadPilot    7: 1024 op, 151260200.00 ns, 147.7150 us/op
WorkloadPilot    8: 2048 op, 266803600.00 ns, 130.2752 us/op
WorkloadPilot    9: 4096 op, 529865900.00 ns, 129.3618 us/op

OverheadWarmup   1: 4096 op, 11100.00 ns, 2.7100 ns/op
OverheadWarmup   2: 4096 op, 9900.00 ns, 2.4170 ns/op
OverheadWarmup   3: 4096 op, 9700.00 ns, 2.3682 ns/op
OverheadWarmup   4: 4096 op, 9900.00 ns, 2.4170 ns/op
OverheadWarmup   5: 4096 op, 9900.00 ns, 2.4170 ns/op
OverheadWarmup   6: 4096 op, 9800.00 ns, 2.3926 ns/op
OverheadWarmup   7: 4096 op, 9900.00 ns, 2.4170 ns/op

OverheadActual   1: 4096 op, 10000.00 ns, 2.4414 ns/op
OverheadActual   2: 4096 op, 10600.00 ns, 2.5879 ns/op
OverheadActual   3: 4096 op, 10200.00 ns, 2.4902 ns/op
OverheadActual   4: 4096 op, 9800.00 ns, 2.3926 ns/op
OverheadActual   5: 4096 op, 9700.00 ns, 2.3682 ns/op
OverheadActual   6: 4096 op, 10300.00 ns, 2.5146 ns/op
OverheadActual   7: 4096 op, 9900.00 ns, 2.4170 ns/op
OverheadActual   8: 4096 op, 9600.00 ns, 2.3438 ns/op
OverheadActual   9: 4096 op, 9100.00 ns, 2.2217 ns/op
OverheadActual  10: 4096 op, 10800.00 ns, 2.6367 ns/op
OverheadActual  11: 4096 op, 9300.00 ns, 2.2705 ns/op
OverheadActual  12: 4096 op, 10600.00 ns, 2.5879 ns/op
OverheadActual  13: 4096 op, 11200.00 ns, 2.7344 ns/op
OverheadActual  14: 4096 op, 10600.00 ns, 2.5879 ns/op
OverheadActual  15: 4096 op, 9500.00 ns, 2.3193 ns/op
OverheadActual  16: 4096 op, 9500.00 ns, 2.3193 ns/op
OverheadActual  17: 4096 op, 9400.00 ns, 2.2949 ns/op
OverheadActual  18: 4096 op, 10000.00 ns, 2.4414 ns/op
OverheadActual  19: 4096 op, 9600.00 ns, 2.3438 ns/op
OverheadActual  20: 4096 op, 10700.00 ns, 2.6123 ns/op

WorkloadWarmup   1: 4096 op, 514048900.00 ns, 125.5002 us/op
WorkloadWarmup   2: 4096 op, 471484100.00 ns, 115.1084 us/op
WorkloadWarmup   3: 4096 op, 445728500.00 ns, 108.8204 us/op
WorkloadWarmup   4: 4096 op, 442994400.00 ns, 108.1529 us/op
WorkloadWarmup   5: 4096 op, 492782600.00 ns, 120.3083 us/op
WorkloadWarmup   6: 4096 op, 559659100.00 ns, 136.6355 us/op
WorkloadWarmup   7: 4096 op, 512981200.00 ns, 125.2396 us/op
WorkloadWarmup   8: 4096 op, 442517400.00 ns, 108.0365 us/op
WorkloadWarmup   9: 4096 op, 444247400.00 ns, 108.4588 us/op
WorkloadWarmup  10: 4096 op, 492602800.00 ns, 120.2644 us/op
WorkloadWarmup  11: 4096 op, 449457800.00 ns, 109.7309 us/op

// BeforeActualRun
WorkloadActual   1: 4096 op, 447163000.00 ns, 109.1707 us/op
WorkloadActual   2: 4096 op, 454044700.00 ns, 110.8508 us/op
WorkloadActual   3: 4096 op, 445495100.00 ns, 108.7635 us/op
WorkloadActual   4: 4096 op, 453978200.00 ns, 110.8345 us/op
WorkloadActual   5: 4096 op, 448950000.00 ns, 109.6069 us/op
WorkloadActual   6: 4096 op, 441546100.00 ns, 107.7993 us/op
WorkloadActual   7: 4096 op, 475532400.00 ns, 116.0968 us/op
WorkloadActual   8: 4096 op, 446899200.00 ns, 109.1063 us/op
WorkloadActual   9: 4096 op, 441232000.00 ns, 107.7227 us/op
WorkloadActual  10: 4096 op, 479354100.00 ns, 117.0298 us/op
WorkloadActual  11: 4096 op, 445201400.00 ns, 108.6917 us/op
WorkloadActual  12: 4096 op, 437394500.00 ns, 106.7858 us/op
WorkloadActual  13: 4096 op, 498115500.00 ns, 121.6102 us/op
WorkloadActual  14: 4096 op, 495025500.00 ns, 120.8558 us/op
WorkloadActual  15: 4096 op, 441703400.00 ns, 107.8377 us/op
WorkloadActual  16: 4096 op, 461613000.00 ns, 112.6985 us/op
WorkloadActual  17: 4096 op, 444366000.00 ns, 108.4878 us/op
WorkloadActual  18: 4096 op, 440847100.00 ns, 107.6287 us/op
WorkloadActual  19: 4096 op, 446700000.00 ns, 109.0576 us/op
WorkloadActual  20: 4096 op, 439880400.00 ns, 107.3927 us/op
WorkloadActual  21: 4096 op, 449667800.00 ns, 109.7822 us/op

// AfterActualRun
WorkloadResult   1: 4096 op, 447153050.00 ns, 109.1682 us/op
WorkloadResult   2: 4096 op, 454034750.00 ns, 110.8483 us/op
WorkloadResult   3: 4096 op, 445485150.00 ns, 108.7610 us/op
WorkloadResult   4: 4096 op, 453968250.00 ns, 110.8321 us/op
WorkloadResult   5: 4096 op, 448940050.00 ns, 109.6045 us/op
WorkloadResult   6: 4096 op, 441536150.00 ns, 107.7969 us/op
WorkloadResult   7: 4096 op, 446889250.00 ns, 109.1038 us/op
WorkloadResult   8: 4096 op, 441222050.00 ns, 107.7202 us/op
WorkloadResult   9: 4096 op, 445191450.00 ns, 108.6893 us/op
WorkloadResult  10: 4096 op, 437384550.00 ns, 106.7833 us/op
WorkloadResult  11: 4096 op, 441693450.00 ns, 107.8353 us/op
WorkloadResult  12: 4096 op, 461603050.00 ns, 112.6961 us/op
WorkloadResult  13: 4096 op, 444356050.00 ns, 108.4854 us/op
WorkloadResult  14: 4096 op, 440837150.00 ns, 107.6263 us/op
WorkloadResult  15: 4096 op, 446690050.00 ns, 109.0552 us/op
WorkloadResult  16: 4096 op, 439870450.00 ns, 107.3902 us/op
WorkloadResult  17: 4096 op, 449657850.00 ns, 109.7797 us/op
// GC:  255 255 255 819675136 4096
// Threading:  0 0 4096

// AfterAll
// Benchmark Process 50100 has exited with code 0.

Mean = 108.952 μs, StdErr = 0.362 μs (0.33%), N = 17, StdDev = 1.493 μs
Min = 106.783 μs, Q1 = 107.797 μs, Median = 108.761 μs, Q3 = 109.605 μs, Max = 112.696 μs
IQR = 1.808 μs, LowerFence = 105.086 μs, UpperFence = 112.316 μs
ConfidenceInterval = [107.498 μs; 110.405 μs] (CI 99.9%), Margin = 1.454 μs (1.33% of Mean)
Skewness = 0.81, Kurtosis = 3.07, MValue = 2

// ** Remained 8 (57.1%) benchmark(s) to run. Estimated finish 2025-12-02 12:40 (0h 3m from now) **
Setup power plan (GUID: 8c5e7fda-e8bf-4a96-9a85-a6e23a8c635c FriendlyName: High performance)
// **************************
// Benchmark: CollectionHelperBenchmark.Linq_Convert_Array: DefaultJob
// *** Execute ***
// Launch: 1 / 1
// Execute: dotnet a04e4e0f-9f33-49ff-adaf-06480d31a5c1.dll --anonymousPipes 1888 2560 --benchmarkName RapidStreamer.UnitTests.CollectionHelperBenchmark.Linq_Convert_Array --job Default --benchmarkId 6 in C:\Users\Kiarash\RiderProjects\RapidStreamer.BuildingBlocks\Tests\RapidStreamer.UnitTests\bin\Release\net10.0\a04e4e0f-9f33-49ff-adaf-06480d31a5c1\bin\Release\net10.0
// BeforeAnythingElse

// Benchmark Process Environment Information:
// BenchmarkDotNet v0.14.0
// Runtime=.NET 10.0.0 (10.0.25.52411), X64 RyuJIT AVX-512F+CD+BW+DQ+VL+VBMI
// GC=Concurrent Workstation
// HardwareIntrinsics=AVX-512F+CD+BW+DQ+VL+VBMI,AES,BMI1,BMI2,FMA,LZCNT,PCLMUL,POPCNT VectorSize=256
// Job: DefaultJob

OverheadJitting  1: 1 op, 223000.00 ns, 223.0000 us/op
WorkloadJitting  1: 1 op, 2058500.00 ns, 2.0585 ms/op

OverheadJitting  2: 16 op, 200800.00 ns, 12.5500 us/op
WorkloadJitting  2: 16 op, 2831400.00 ns, 176.9625 us/op

WorkloadPilot    1: 16 op, 3171400.00 ns, 198.2125 us/op
WorkloadPilot    2: 32 op, 5626700.00 ns, 175.8344 us/op
WorkloadPilot    3: 64 op, 11205300.00 ns, 175.0828 us/op
WorkloadPilot    4: 128 op, 21378700.00 ns, 167.0211 us/op
WorkloadPilot    5: 256 op, 45123300.00 ns, 176.2629 us/op
WorkloadPilot    6: 512 op, 88959300.00 ns, 173.7486 us/op
WorkloadPilot    7: 1024 op, 156034100.00 ns, 152.3771 us/op
WorkloadPilot    8: 2048 op, 272307300.00 ns, 132.9625 us/op
WorkloadPilot    9: 4096 op, 550025900.00 ns, 134.2837 us/op

OverheadWarmup   1: 4096 op, 10900.00 ns, 2.6611 ns/op
OverheadWarmup   2: 4096 op, 9900.00 ns, 2.4170 ns/op
OverheadWarmup   3: 4096 op, 9800.00 ns, 2.3926 ns/op
OverheadWarmup   4: 4096 op, 9800.00 ns, 2.3926 ns/op
OverheadWarmup   5: 4096 op, 9900.00 ns, 2.4170 ns/op
OverheadWarmup   6: 4096 op, 9700.00 ns, 2.3682 ns/op
OverheadWarmup   7: 4096 op, 10000.00 ns, 2.4414 ns/op

OverheadActual   1: 4096 op, 9700.00 ns, 2.3682 ns/op
OverheadActual   2: 4096 op, 13000.00 ns, 3.1738 ns/op
OverheadActual   3: 4096 op, 9700.00 ns, 2.3682 ns/op
OverheadActual   4: 4096 op, 9900.00 ns, 2.4170 ns/op
OverheadActual   5: 4096 op, 10700.00 ns, 2.6123 ns/op
OverheadActual   6: 4096 op, 9900.00 ns, 2.4170 ns/op
OverheadActual   7: 4096 op, 19700.00 ns, 4.8096 ns/op
OverheadActual   8: 4096 op, 10300.00 ns, 2.5146 ns/op
OverheadActual   9: 4096 op, 9600.00 ns, 2.3438 ns/op
OverheadActual  10: 4096 op, 10500.00 ns, 2.5635 ns/op
OverheadActual  11: 4096 op, 10300.00 ns, 2.5146 ns/op
OverheadActual  12: 4096 op, 10400.00 ns, 2.5391 ns/op
OverheadActual  13: 4096 op, 10300.00 ns, 2.5146 ns/op
OverheadActual  14: 4096 op, 9900.00 ns, 2.4170 ns/op
OverheadActual  15: 4096 op, 9600.00 ns, 2.3438 ns/op

WorkloadWarmup   1: 4096 op, 555430400.00 ns, 135.6031 us/op
WorkloadWarmup   2: 4096 op, 552512600.00 ns, 134.8908 us/op
WorkloadWarmup   3: 4096 op, 558669900.00 ns, 136.3940 us/op
WorkloadWarmup   4: 4096 op, 546075500.00 ns, 133.3192 us/op
WorkloadWarmup   5: 4096 op, 543036400.00 ns, 132.5772 us/op
WorkloadWarmup   6: 4096 op, 572965300.00 ns, 139.8841 us/op
WorkloadWarmup   7: 4096 op, 565467300.00 ns, 138.0535 us/op

// BeforeActualRun
WorkloadActual   1: 4096 op, 575225500.00 ns, 140.4359 us/op
WorkloadActual   2: 4096 op, 551506400.00 ns, 134.6451 us/op
WorkloadActual   3: 4096 op, 552848100.00 ns, 134.9727 us/op
WorkloadActual   4: 4096 op, 561551100.00 ns, 137.0974 us/op
WorkloadActual   5: 4096 op, 559800500.00 ns, 136.6700 us/op
WorkloadActual   6: 4096 op, 551116100.00 ns, 134.5498 us/op
WorkloadActual   7: 4096 op, 560747300.00 ns, 136.9012 us/op
WorkloadActual   8: 4096 op, 550637900.00 ns, 134.4331 us/op
WorkloadActual   9: 4096 op, 559932400.00 ns, 136.7022 us/op
WorkloadActual  10: 4096 op, 622645300.00 ns, 152.0130 us/op
WorkloadActual  11: 4096 op, 623810600.00 ns, 152.2975 us/op
WorkloadActual  12: 4096 op, 607081900.00 ns, 148.2134 us/op
WorkloadActual  13: 4096 op, 625066600.00 ns, 152.6042 us/op
WorkloadActual  14: 4096 op, 627747900.00 ns, 153.2588 us/op
WorkloadActual  15: 4096 op, 608712500.00 ns, 148.6115 us/op
WorkloadActual  16: 4096 op, 627917100.00 ns, 153.3001 us/op
WorkloadActual  17: 4096 op, 653731000.00 ns, 159.6023 us/op
WorkloadActual  18: 4096 op, 658156600.00 ns, 160.6828 us/op
WorkloadActual  19: 4096 op, 629615400.00 ns, 153.7147 us/op
WorkloadActual  20: 4096 op, 573847700.00 ns, 140.0995 us/op
WorkloadActual  21: 4096 op, 608553300.00 ns, 148.5726 us/op
WorkloadActual  22: 4096 op, 567595500.00 ns, 138.5731 us/op
WorkloadActual  23: 4096 op, 576580500.00 ns, 140.7667 us/op
WorkloadActual  24: 4096 op, 579613300.00 ns, 141.5072 us/op
WorkloadActual  25: 4096 op, 577747600.00 ns, 141.0517 us/op
WorkloadActual  26: 4096 op, 591320600.00 ns, 144.3654 us/op
WorkloadActual  27: 4096 op, 590390900.00 ns, 144.1384 us/op
WorkloadActual  28: 4096 op, 588310700.00 ns, 143.6305 us/op
WorkloadActual  29: 4096 op, 598590400.00 ns, 146.1402 us/op
WorkloadActual  30: 4096 op, 582957700.00 ns, 142.3237 us/op
WorkloadActual  31: 4096 op, 598210800.00 ns, 146.0476 us/op
WorkloadActual  32: 4096 op, 620939200.00 ns, 151.5965 us/op
WorkloadActual  33: 4096 op, 597679600.00 ns, 145.9179 us/op
WorkloadActual  34: 4096 op, 643873900.00 ns, 157.1958 us/op
WorkloadActual  35: 4096 op, 589463000.00 ns, 143.9119 us/op
WorkloadActual  36: 4096 op, 587658300.00 ns, 143.4713 us/op
WorkloadActual  37: 4096 op, 595255900.00 ns, 145.3261 us/op
WorkloadActual  38: 4096 op, 646190800.00 ns, 157.7614 us/op
WorkloadActual  39: 4096 op, 571277300.00 ns, 139.4720 us/op
WorkloadActual  40: 4096 op, 605461000.00 ns, 147.8176 us/op
WorkloadActual  41: 4096 op, 623957300.00 ns, 152.3333 us/op
WorkloadActual  42: 4096 op, 620386200.00 ns, 151.4615 us/op
WorkloadActual  43: 4096 op, 597972800.00 ns, 145.9895 us/op
WorkloadActual  44: 4096 op, 600052300.00 ns, 146.4971 us/op
WorkloadActual  45: 4096 op, 600207900.00 ns, 146.5351 us/op
WorkloadActual  46: 4096 op, 600204800.00 ns, 146.5344 us/op
WorkloadActual  47: 4096 op, 589123700.00 ns, 143.8290 us/op
WorkloadActual  48: 4096 op, 612099600.00 ns, 149.4384 us/op
WorkloadActual  49: 4096 op, 583364400.00 ns, 142.4229 us/op
WorkloadActual  50: 4096 op, 601077400.00 ns, 146.7474 us/op
WorkloadActual  51: 4096 op, 618509600.00 ns, 151.0033 us/op
WorkloadActual  52: 4096 op, 612405100.00 ns, 149.5130 us/op
WorkloadActual  53: 4096 op, 619857000.00 ns, 151.3323 us/op
WorkloadActual  54: 4096 op, 593695900.00 ns, 144.9453 us/op
WorkloadActual  55: 4096 op, 606439200.00 ns, 148.0564 us/op
WorkloadActual  56: 4096 op, 626032200.00 ns, 152.8399 us/op
WorkloadActual  57: 4096 op, 603588000.00 ns, 147.3604 us/op
WorkloadActual  58: 4096 op, 590811300.00 ns, 144.2410 us/op
WorkloadActual  59: 4096 op, 593244000.00 ns, 144.8350 us/op

// AfterActualRun
WorkloadResult   1: 4096 op, 575215200.00 ns, 140.4334 us/op
WorkloadResult   2: 4096 op, 551496100.00 ns, 134.6426 us/op
WorkloadResult   3: 4096 op, 552837800.00 ns, 134.9702 us/op
WorkloadResult   4: 4096 op, 561540800.00 ns, 137.0949 us/op
WorkloadResult   5: 4096 op, 559790200.00 ns, 136.6675 us/op
WorkloadResult   6: 4096 op, 551105800.00 ns, 134.5473 us/op
WorkloadResult   7: 4096 op, 560737000.00 ns, 136.8987 us/op
WorkloadResult   8: 4096 op, 550627600.00 ns, 134.4306 us/op
WorkloadResult   9: 4096 op, 559922100.00 ns, 136.6997 us/op
WorkloadResult  10: 4096 op, 622635000.00 ns, 152.0105 us/op
WorkloadResult  11: 4096 op, 623800300.00 ns, 152.2950 us/op
WorkloadResult  12: 4096 op, 607071600.00 ns, 148.2108 us/op
WorkloadResult  13: 4096 op, 625056300.00 ns, 152.6016 us/op
WorkloadResult  14: 4096 op, 627737600.00 ns, 153.2563 us/op
WorkloadResult  15: 4096 op, 608702200.00 ns, 148.6089 us/op
WorkloadResult  16: 4096 op, 627906800.00 ns, 153.2976 us/op
WorkloadResult  17: 4096 op, 653720700.00 ns, 159.5998 us/op
WorkloadResult  18: 4096 op, 658146300.00 ns, 160.6802 us/op
WorkloadResult  19: 4096 op, 629605100.00 ns, 153.7122 us/op
WorkloadResult  20: 4096 op, 573837400.00 ns, 140.0970 us/op
WorkloadResult  21: 4096 op, 608543000.00 ns, 148.5701 us/op
WorkloadResult  22: 4096 op, 567585200.00 ns, 138.5706 us/op
WorkloadResult  23: 4096 op, 576570200.00 ns, 140.7642 us/op
WorkloadResult  24: 4096 op, 579603000.00 ns, 141.5046 us/op
WorkloadResult  25: 4096 op, 577737300.00 ns, 141.0491 us/op
WorkloadResult  26: 4096 op, 591310300.00 ns, 144.3629 us/op
WorkloadResult  27: 4096 op, 590380600.00 ns, 144.1359 us/op
WorkloadResult  28: 4096 op, 588300400.00 ns, 143.6280 us/op
WorkloadResult  29: 4096 op, 598580100.00 ns, 146.1377 us/op
WorkloadResult  30: 4096 op, 582947400.00 ns, 142.3211 us/op
WorkloadResult  31: 4096 op, 598200500.00 ns, 146.0450 us/op
WorkloadResult  32: 4096 op, 620928900.00 ns, 151.5940 us/op
WorkloadResult  33: 4096 op, 597669300.00 ns, 145.9154 us/op
WorkloadResult  34: 4096 op, 643863600.00 ns, 157.1933 us/op
WorkloadResult  35: 4096 op, 589452700.00 ns, 143.9094 us/op
WorkloadResult  36: 4096 op, 587648000.00 ns, 143.4688 us/op
WorkloadResult  37: 4096 op, 595245600.00 ns, 145.3236 us/op
WorkloadResult  38: 4096 op, 646180500.00 ns, 157.7589 us/op
WorkloadResult  39: 4096 op, 571267000.00 ns, 139.4695 us/op
WorkloadResult  40: 4096 op, 605450700.00 ns, 147.8151 us/op
WorkloadResult  41: 4096 op, 623947000.00 ns, 152.3308 us/op
WorkloadResult  42: 4096 op, 620375900.00 ns, 151.4590 us/op
WorkloadResult  43: 4096 op, 597962500.00 ns, 145.9869 us/op
WorkloadResult  44: 4096 op, 600042000.00 ns, 146.4946 us/op
WorkloadResult  45: 4096 op, 600197600.00 ns, 146.5326 us/op
WorkloadResult  46: 4096 op, 600194500.00 ns, 146.5319 us/op
WorkloadResult  47: 4096 op, 589113400.00 ns, 143.8265 us/op
WorkloadResult  48: 4096 op, 612089300.00 ns, 149.4359 us/op
WorkloadResult  49: 4096 op, 583354100.00 ns, 142.4204 us/op
WorkloadResult  50: 4096 op, 601067100.00 ns, 146.7449 us/op
WorkloadResult  51: 4096 op, 618499300.00 ns, 151.0008 us/op
WorkloadResult  52: 4096 op, 612394800.00 ns, 149.5104 us/op
WorkloadResult  53: 4096 op, 619846700.00 ns, 151.3298 us/op
WorkloadResult  54: 4096 op, 593685600.00 ns, 144.9428 us/op
WorkloadResult  55: 4096 op, 606428900.00 ns, 148.0539 us/op
WorkloadResult  56: 4096 op, 626021900.00 ns, 152.8374 us/op
WorkloadResult  57: 4096 op, 603577700.00 ns, 147.3578 us/op
WorkloadResult  58: 4096 op, 590801000.00 ns, 144.2385 us/op
WorkloadResult  59: 4096 op, 593233700.00 ns, 144.8324 us/op
// GC:  511 511 511 1638867008 4096
// Threading:  0 0 4096

// AfterAll
// Benchmark Process 42324 has exited with code 0.

Mean = 146.037 μs, StdErr = 0.829 μs (0.57%), N = 59, StdDev = 6.365 μs
Min = 134.431 μs, Q1 = 141.913 μs, Median = 146.045 μs, Q3 = 151.165 μs, Max = 160.680 μs
IQR = 9.252 μs, LowerFence = 128.034 μs, UpperFence = 165.044 μs
ConfidenceInterval = [143.164 μs; 148.909 μs] (CI 99.9%), Margin = 2.873 μs (1.97% of Mean)
Skewness = 0.08, Kurtosis = 2.49, MValue = 2

// ** Remained 7 (50.0%) benchmark(s) to run. Estimated finish 2025-12-02 12:40 (0h 3m from now) **
Setup power plan (GUID: 8c5e7fda-e8bf-4a96-9a85-a6e23a8c635c FriendlyName: High performance)
// **************************
// Benchmark: CollectionHelperBenchmark.Linq_ForEach_Array: DefaultJob
// *** Execute ***
// Launch: 1 / 1
// Execute: dotnet a04e4e0f-9f33-49ff-adaf-06480d31a5c1.dll --anonymousPipes 2528 2552 --benchmarkName RapidStreamer.UnitTests.CollectionHelperBenchmark.Linq_ForEach_Array --job Default --benchmarkId 7 in C:\Users\Kiarash\RiderProjects\RapidStreamer.BuildingBlocks\Tests\RapidStreamer.UnitTests\bin\Release\net10.0\a04e4e0f-9f33-49ff-adaf-06480d31a5c1\bin\Release\net10.0
// BeforeAnythingElse

// Benchmark Process Environment Information:
// BenchmarkDotNet v0.14.0
// Runtime=.NET 10.0.0 (10.0.25.52411), X64 RyuJIT AVX-512F+CD+BW+DQ+VL+VBMI
// GC=Concurrent Workstation
// HardwareIntrinsics=AVX-512F+CD+BW+DQ+VL+VBMI,AES,BMI1,BMI2,FMA,LZCNT,PCLMUL,POPCNT VectorSize=256
// Job: DefaultJob

OverheadJitting  1: 1 op, 270500.00 ns, 270.5000 us/op
WorkloadJitting  1: 1 op, 484100.00 ns, 484.1000 us/op

OverheadJitting  2: 16 op, 178000.00 ns, 11.1250 us/op
WorkloadJitting  2: 16 op, 962100.00 ns, 60.1313 us/op

WorkloadPilot    1: 16 op, 777900.00 ns, 48.6188 us/op
WorkloadPilot    2: 32 op, 1483600.00 ns, 46.3625 us/op
WorkloadPilot    3: 64 op, 2951700.00 ns, 46.1203 us/op
WorkloadPilot    4: 128 op, 5919400.00 ns, 46.2453 us/op
WorkloadPilot    5: 256 op, 11184400.00 ns, 43.6891 us/op
WorkloadPilot    6: 512 op, 24062000.00 ns, 46.9961 us/op
WorkloadPilot    7: 1024 op, 52031400.00 ns, 50.8119 us/op
WorkloadPilot    8: 2048 op, 94402200.00 ns, 46.0948 us/op
WorkloadPilot    9: 4096 op, 156075600.00 ns, 38.1044 us/op
WorkloadPilot   10: 8192 op, 204767800.00 ns, 24.9961 us/op
WorkloadPilot   11: 16384 op, 409930900.00 ns, 25.0202 us/op
WorkloadPilot   12: 32768 op, 829108900.00 ns, 25.3024 us/op

OverheadWarmup   1: 32768 op, 78500.00 ns, 2.3956 ns/op
OverheadWarmup   2: 32768 op, 77100.00 ns, 2.3529 ns/op
OverheadWarmup   3: 32768 op, 91700.00 ns, 2.7985 ns/op
OverheadWarmup   4: 32768 op, 77200.00 ns, 2.3560 ns/op
OverheadWarmup   5: 32768 op, 77600.00 ns, 2.3682 ns/op
OverheadWarmup   6: 32768 op, 77200.00 ns, 2.3560 ns/op

OverheadActual   1: 32768 op, 77700.00 ns, 2.3712 ns/op
OverheadActual   2: 32768 op, 77200.00 ns, 2.3560 ns/op
OverheadActual   3: 32768 op, 87900.00 ns, 2.6825 ns/op
OverheadActual   4: 32768 op, 79200.00 ns, 2.4170 ns/op
OverheadActual   5: 32768 op, 92500.00 ns, 2.8229 ns/op
OverheadActual   6: 32768 op, 88200.00 ns, 2.6917 ns/op
OverheadActual   7: 32768 op, 77900.00 ns, 2.3773 ns/op
OverheadActual   8: 32768 op, 72900.00 ns, 2.2247 ns/op
OverheadActual   9: 32768 op, 81600.00 ns, 2.4902 ns/op
OverheadActual  10: 32768 op, 81700.00 ns, 2.4933 ns/op
OverheadActual  11: 32768 op, 81500.00 ns, 2.4872 ns/op
OverheadActual  12: 32768 op, 79200.00 ns, 2.4170 ns/op
OverheadActual  13: 32768 op, 77600.00 ns, 2.3682 ns/op
OverheadActual  14: 32768 op, 75300.00 ns, 2.2980 ns/op
OverheadActual  15: 32768 op, 75700.00 ns, 2.3102 ns/op
OverheadActual  16: 32768 op, 75300.00 ns, 2.2980 ns/op
OverheadActual  17: 32768 op, 75600.00 ns, 2.3071 ns/op
OverheadActual  18: 32768 op, 77100.00 ns, 2.3529 ns/op
OverheadActual  19: 32768 op, 92600.00 ns, 2.8259 ns/op
OverheadActual  20: 32768 op, 76200.00 ns, 2.3254 ns/op

WorkloadWarmup   1: 32768 op, 817197100.00 ns, 24.9389 us/op
WorkloadWarmup   2: 32768 op, 820413900.00 ns, 25.0370 us/op
WorkloadWarmup   3: 32768 op, 823834300.00 ns, 25.1414 us/op
WorkloadWarmup   4: 32768 op, 831808200.00 ns, 25.3848 us/op
WorkloadWarmup   5: 32768 op, 869568200.00 ns, 26.5371 us/op
WorkloadWarmup   6: 32768 op, 923985200.00 ns, 28.1978 us/op
WorkloadWarmup   7: 32768 op, 884010100.00 ns, 26.9778 us/op
WorkloadWarmup   8: 32768 op, 884981000.00 ns, 27.0075 us/op
WorkloadWarmup   9: 32768 op, 866919300.00 ns, 26.4563 us/op

// BeforeActualRun
WorkloadActual   1: 32768 op, 848104900.00 ns, 25.8821 us/op
WorkloadActual   2: 32768 op, 846932100.00 ns, 25.8463 us/op
WorkloadActual   3: 32768 op, 882357500.00 ns, 26.9274 us/op
WorkloadActual   4: 32768 op, 866129700.00 ns, 26.4322 us/op
WorkloadActual   5: 32768 op, 837968200.00 ns, 25.5728 us/op
WorkloadActual   6: 32768 op, 846473100.00 ns, 25.8323 us/op
WorkloadActual   7: 32768 op, 845632100.00 ns, 25.8066 us/op
WorkloadActual   8: 32768 op, 884030800.00 ns, 26.9785 us/op
WorkloadActual   9: 32768 op, 857077300.00 ns, 26.1559 us/op
WorkloadActual  10: 32768 op, 839872900.00 ns, 25.6309 us/op
WorkloadActual  11: 32768 op, 842520500.00 ns, 25.7117 us/op
WorkloadActual  12: 32768 op, 857245400.00 ns, 26.1611 us/op
WorkloadActual  13: 32768 op, 860525000.00 ns, 26.2611 us/op
WorkloadActual  14: 32768 op, 852727400.00 ns, 26.0232 us/op
WorkloadActual  15: 32768 op, 836037800.00 ns, 25.5138 us/op

// AfterActualRun
WorkloadResult   1: 32768 op, 848027100.00 ns, 25.8797 us/op
WorkloadResult   2: 32768 op, 846854300.00 ns, 25.8439 us/op
WorkloadResult   3: 32768 op, 866051900.00 ns, 26.4298 us/op
WorkloadResult   4: 32768 op, 837890400.00 ns, 25.5704 us/op
WorkloadResult   5: 32768 op, 846395300.00 ns, 25.8299 us/op
WorkloadResult   6: 32768 op, 845554300.00 ns, 25.8043 us/op
WorkloadResult   7: 32768 op, 856999500.00 ns, 26.1535 us/op
WorkloadResult   8: 32768 op, 839795100.00 ns, 25.6285 us/op
WorkloadResult   9: 32768 op, 842442700.00 ns, 25.7093 us/op
WorkloadResult  10: 32768 op, 857167600.00 ns, 26.1587 us/op
WorkloadResult  11: 32768 op, 860447200.00 ns, 26.2588 us/op
WorkloadResult  12: 32768 op, 852649600.00 ns, 26.0208 us/op
WorkloadResult  13: 32768 op, 835960000.00 ns, 25.5115 us/op
// GC:  0 0 0 400 32768
// Threading:  0 0 32768

// AfterAll
// Benchmark Process 16528 has exited with code 0.

Mean = 25.908 μs, StdErr = 0.078 μs (0.30%), N = 13, StdDev = 0.280 μs
Min = 25.511 μs, Q1 = 25.709 μs, Median = 25.844 μs, Q3 = 26.154 μs, Max = 26.430 μs
IQR = 0.444 μs, LowerFence = 25.043 μs, UpperFence = 26.820 μs
ConfidenceInterval = [25.572 μs; 26.243 μs] (CI 99.9%), Margin = 0.335 μs (1.29% of Mean)
Skewness = 0.3, Kurtosis = 1.78, MValue = 2

// ** Remained 6 (42.9%) benchmark(s) to run. Estimated finish 2025-12-02 12:40 (0h 2m from now) **
Setup power plan (GUID: 8c5e7fda-e8bf-4a96-9a85-a6e23a8c635c FriendlyName: High performance)
// **************************
// Benchmark: CollectionHelperBenchmark.ForEach_LinkedArray: DefaultJob
// *** Execute ***
// Launch: 1 / 1
// Execute: dotnet a04e4e0f-9f33-49ff-adaf-06480d31a5c1.dll --anonymousPipes 1788 1288 --benchmarkName RapidStreamer.UnitTests.CollectionHelperBenchmark.ForEach_LinkedArray --job Default --benchmarkId 8 in C:\Users\Kiarash\RiderProjects\RapidStreamer.BuildingBlocks\Tests\RapidStreamer.UnitTests\bin\Release\net10.0\a04e4e0f-9f33-49ff-adaf-06480d31a5c1\bin\Release\net10.0
// BeforeAnythingElse

// Benchmark Process Environment Information:
// BenchmarkDotNet v0.14.0
// Runtime=.NET 10.0.0 (10.0.25.52411), X64 RyuJIT AVX-512F+CD+BW+DQ+VL+VBMI
// GC=Concurrent Workstation
// HardwareIntrinsics=AVX-512F+CD+BW+DQ+VL+VBMI,AES,BMI1,BMI2,FMA,LZCNT,PCLMUL,POPCNT VectorSize=256
// Job: DefaultJob

OverheadJitting  1: 1 op, 267100.00 ns, 267.1000 us/op
WorkloadJitting  1: 1 op, 9372000.00 ns, 9.3720 ms/op

OverheadJitting  2: 16 op, 167000.00 ns, 10.4375 us/op
WorkloadJitting  2: 16 op, 8032100.00 ns, 502.0063 us/op

WorkloadPilot    1: 16 op, 7029800.00 ns, 439.3625 us/op
WorkloadPilot    2: 32 op, 13839800.00 ns, 432.4938 us/op
WorkloadPilot    3: 64 op, 25335200.00 ns, 395.8625 us/op
WorkloadPilot    4: 128 op, 51228800.00 ns, 400.2250 us/op
WorkloadPilot    5: 256 op, 98763100.00 ns, 385.7934 us/op
WorkloadPilot    6: 512 op, 113943400.00 ns, 222.5457 us/op
WorkloadPilot    7: 1024 op, 254722100.00 ns, 248.7521 us/op
WorkloadPilot    8: 2048 op, 510880700.00 ns, 249.4535 us/op

OverheadWarmup   1: 2048 op, 6400.00 ns, 3.1250 ns/op
OverheadWarmup   2: 2048 op, 5300.00 ns, 2.5879 ns/op
OverheadWarmup   3: 2048 op, 5100.00 ns, 2.4902 ns/op
OverheadWarmup   4: 2048 op, 5100.00 ns, 2.4902 ns/op
OverheadWarmup   5: 2048 op, 5300.00 ns, 2.5879 ns/op
OverheadWarmup   6: 2048 op, 5000.00 ns, 2.4414 ns/op
OverheadWarmup   7: 2048 op, 5400.00 ns, 2.6367 ns/op

OverheadActual   1: 2048 op, 5200.00 ns, 2.5391 ns/op
OverheadActual   2: 2048 op, 5100.00 ns, 2.4902 ns/op
OverheadActual   3: 2048 op, 5600.00 ns, 2.7344 ns/op
OverheadActual   4: 2048 op, 5100.00 ns, 2.4902 ns/op
OverheadActual   5: 2048 op, 5000.00 ns, 2.4414 ns/op
OverheadActual   6: 2048 op, 6300.00 ns, 3.0762 ns/op
OverheadActual   7: 2048 op, 8800.00 ns, 4.2969 ns/op
OverheadActual   8: 2048 op, 5500.00 ns, 2.6855 ns/op
OverheadActual   9: 2048 op, 5000.00 ns, 2.4414 ns/op
OverheadActual  10: 2048 op, 4900.00 ns, 2.3926 ns/op
OverheadActual  11: 2048 op, 5100.00 ns, 2.4902 ns/op
OverheadActual  12: 2048 op, 5200.00 ns, 2.5391 ns/op
OverheadActual  13: 2048 op, 5000.00 ns, 2.4414 ns/op
OverheadActual  14: 2048 op, 5000.00 ns, 2.4414 ns/op
OverheadActual  15: 2048 op, 5100.00 ns, 2.4902 ns/op

WorkloadWarmup   1: 2048 op, 455974100.00 ns, 222.6436 us/op
WorkloadWarmup   2: 2048 op, 510247700.00 ns, 249.1444 us/op
WorkloadWarmup   3: 2048 op, 468995400.00 ns, 229.0017 us/op
WorkloadWarmup   4: 2048 op, 491104100.00 ns, 239.7969 us/op
WorkloadWarmup   5: 2048 op, 523928700.00 ns, 255.8246 us/op
WorkloadWarmup   6: 2048 op, 490889900.00 ns, 239.6923 us/op

// BeforeActualRun
WorkloadActual   1: 2048 op, 469735900.00 ns, 229.3632 us/op
WorkloadActual   2: 2048 op, 501860100.00 ns, 245.0489 us/op
WorkloadActual   3: 2048 op, 477560800.00 ns, 233.1840 us/op
WorkloadActual   4: 2048 op, 478561100.00 ns, 233.6724 us/op
WorkloadActual   5: 2048 op, 475027400.00 ns, 231.9470 us/op
WorkloadActual   6: 2048 op, 505120000.00 ns, 246.6406 us/op
WorkloadActual   7: 2048 op, 490466800.00 ns, 239.4857 us/op
WorkloadActual   8: 2048 op, 459807200.00 ns, 224.5152 us/op
WorkloadActual   9: 2048 op, 516132100.00 ns, 252.0176 us/op
WorkloadActual  10: 2048 op, 486255100.00 ns, 237.4292 us/op
WorkloadActual  11: 2048 op, 468257000.00 ns, 228.6411 us/op
WorkloadActual  12: 2048 op, 479898500.00 ns, 234.3254 us/op
WorkloadActual  13: 2048 op, 497534000.00 ns, 242.9365 us/op
WorkloadActual  14: 2048 op, 474498500.00 ns, 231.6887 us/op
WorkloadActual  15: 2048 op, 482290700.00 ns, 235.4935 us/op
WorkloadActual  16: 2048 op, 503212000.00 ns, 245.7090 us/op
WorkloadActual  17: 2048 op, 436656800.00 ns, 213.2113 us/op
WorkloadActual  18: 2048 op, 514633300.00 ns, 251.2858 us/op
WorkloadActual  19: 2048 op, 531762900.00 ns, 259.6499 us/op
WorkloadActual  20: 2048 op, 493510600.00 ns, 240.9720 us/op
WorkloadActual  21: 2048 op, 480854100.00 ns, 234.7920 us/op
WorkloadActual  22: 2048 op, 416191100.00 ns, 203.2183 us/op
WorkloadActual  23: 2048 op, 453476400.00 ns, 221.4240 us/op
WorkloadActual  24: 2048 op, 473150600.00 ns, 231.0306 us/op
WorkloadActual  25: 2048 op, 449887100.00 ns, 219.6714 us/op
WorkloadActual  26: 2048 op, 424208200.00 ns, 207.1329 us/op
WorkloadActual  27: 2048 op, 413491500.00 ns, 201.9001 us/op
WorkloadActual  28: 2048 op, 423993900.00 ns, 207.0283 us/op
WorkloadActual  29: 2048 op, 418901000.00 ns, 204.5415 us/op
WorkloadActual  30: 2048 op, 427801800.00 ns, 208.8876 us/op
WorkloadActual  31: 2048 op, 421511100.00 ns, 205.8160 us/op
WorkloadActual  32: 2048 op, 421081300.00 ns, 205.6061 us/op
WorkloadActual  33: 2048 op, 426324500.00 ns, 208.1663 us/op
WorkloadActual  34: 2048 op, 425062000.00 ns, 207.5498 us/op
WorkloadActual  35: 2048 op, 418223600.00 ns, 204.2107 us/op
WorkloadActual  36: 2048 op, 445993200.00 ns, 217.7701 us/op
WorkloadActual  37: 2048 op, 416228400.00 ns, 203.2365 us/op
WorkloadActual  38: 2048 op, 461377700.00 ns, 225.2821 us/op
WorkloadActual  39: 2048 op, 410275500.00 ns, 200.3298 us/op
WorkloadActual  40: 2048 op, 415382600.00 ns, 202.8235 us/op
WorkloadActual  41: 2048 op, 420907600.00 ns, 205.5213 us/op
WorkloadActual  42: 2048 op, 419156000.00 ns, 204.6660 us/op
WorkloadActual  43: 2048 op, 414307600.00 ns, 202.2986 us/op
WorkloadActual  44: 2048 op, 408531200.00 ns, 199.4781 us/op
WorkloadActual  45: 2048 op, 471359200.00 ns, 230.1559 us/op
WorkloadActual  46: 2048 op, 440437400.00 ns, 215.0573 us/op
WorkloadActual  47: 2048 op, 440306000.00 ns, 214.9932 us/op
WorkloadActual  48: 2048 op, 413036400.00 ns, 201.6779 us/op
WorkloadActual  49: 2048 op, 420774000.00 ns, 205.4561 us/op
WorkloadActual  50: 2048 op, 413347100.00 ns, 201.8296 us/op
WorkloadActual  51: 2048 op, 426635700.00 ns, 208.3182 us/op
WorkloadActual  52: 2048 op, 428190700.00 ns, 209.0775 us/op
WorkloadActual  53: 2048 op, 417149500.00 ns, 203.6863 us/op
WorkloadActual  54: 2048 op, 413877900.00 ns, 202.0888 us/op
WorkloadActual  55: 2048 op, 423787600.00 ns, 206.9275 us/op
WorkloadActual  56: 2048 op, 439506500.00 ns, 214.6028 us/op
WorkloadActual  57: 2048 op, 419445100.00 ns, 204.8072 us/op
WorkloadActual  58: 2048 op, 433927600.00 ns, 211.8787 us/op
WorkloadActual  59: 2048 op, 468482500.00 ns, 228.7512 us/op
WorkloadActual  60: 2048 op, 415365600.00 ns, 202.8152 us/op
WorkloadActual  61: 2048 op, 426765500.00 ns, 208.3816 us/op
WorkloadActual  62: 2048 op, 414538300.00 ns, 202.4113 us/op
WorkloadActual  63: 2048 op, 414176900.00 ns, 202.2348 us/op
WorkloadActual  64: 2048 op, 431898300.00 ns, 210.8878 us/op
WorkloadActual  65: 2048 op, 414489100.00 ns, 202.3873 us/op
WorkloadActual  66: 2048 op, 424154300.00 ns, 207.1066 us/op
WorkloadActual  67: 2048 op, 417085300.00 ns, 203.6549 us/op
WorkloadActual  68: 2048 op, 429576600.00 ns, 209.7542 us/op
WorkloadActual  69: 2048 op, 420984000.00 ns, 205.5586 us/op
WorkloadActual  70: 2048 op, 416523100.00 ns, 203.3804 us/op
WorkloadActual  71: 2048 op, 443945300.00 ns, 216.7702 us/op
WorkloadActual  72: 2048 op, 430966000.00 ns, 210.4326 us/op
WorkloadActual  73: 2048 op, 427811000.00 ns, 208.8921 us/op
WorkloadActual  74: 2048 op, 428332200.00 ns, 209.1466 us/op
WorkloadActual  75: 2048 op, 403022600.00 ns, 196.7884 us/op
WorkloadActual  76: 2048 op, 427104600.00 ns, 208.5472 us/op
WorkloadActual  77: 2048 op, 424129500.00 ns, 207.0945 us/op
WorkloadActual  78: 2048 op, 426259500.00 ns, 208.1345 us/op
WorkloadActual  79: 2048 op, 419855200.00 ns, 205.0074 us/op
WorkloadActual  80: 2048 op, 408187900.00 ns, 199.3105 us/op
WorkloadActual  81: 2048 op, 427243500.00 ns, 208.6150 us/op
WorkloadActual  82: 2048 op, 429803200.00 ns, 209.8648 us/op
WorkloadActual  83: 2048 op, 423320300.00 ns, 206.6994 us/op
WorkloadActual  84: 2048 op, 426932500.00 ns, 208.4631 us/op
WorkloadActual  85: 2048 op, 410855200.00 ns, 200.6129 us/op
WorkloadActual  86: 2048 op, 518059300.00 ns, 252.9586 us/op
WorkloadActual  87: 2048 op, 541568000.00 ns, 264.4375 us/op
WorkloadActual  88: 2048 op, 442528300.00 ns, 216.0783 us/op
WorkloadActual  89: 2048 op, 405987100.00 ns, 198.2359 us/op
WorkloadActual  90: 2048 op, 410072200.00 ns, 200.2306 us/op
WorkloadActual  91: 2048 op, 422213600.00 ns, 206.1590 us/op
WorkloadActual  92: 2048 op, 425952900.00 ns, 207.9848 us/op
WorkloadActual  93: 2048 op, 446036500.00 ns, 217.7913 us/op
WorkloadActual  94: 2048 op, 428439600.00 ns, 209.1990 us/op
WorkloadActual  95: 2048 op, 416430900.00 ns, 203.3354 us/op
WorkloadActual  96: 2048 op, 422158900.00 ns, 206.1323 us/op
WorkloadActual  97: 2048 op, 418250800.00 ns, 204.2240 us/op
WorkloadActual  98: 2048 op, 419467700.00 ns, 204.8182 us/op
WorkloadActual  99: 2048 op, 425111900.00 ns, 207.5742 us/op
WorkloadActual  100: 2048 op, 414170000.00 ns, 202.2314 us/op

// AfterActualRun
WorkloadResult   1: 2048 op, 469730800.00 ns, 229.3607 us/op
WorkloadResult   2: 2048 op, 501855000.00 ns, 245.0464 us/op
WorkloadResult   3: 2048 op, 477555700.00 ns, 233.1815 us/op
WorkloadResult   4: 2048 op, 478556000.00 ns, 233.6699 us/op
WorkloadResult   5: 2048 op, 475022300.00 ns, 231.9445 us/op
WorkloadResult   6: 2048 op, 505114900.00 ns, 246.6381 us/op
WorkloadResult   7: 2048 op, 490461700.00 ns, 239.4833 us/op
WorkloadResult   8: 2048 op, 459802100.00 ns, 224.5127 us/op
WorkloadResult   9: 2048 op, 516127000.00 ns, 252.0151 us/op
WorkloadResult  10: 2048 op, 486250000.00 ns, 237.4268 us/op
WorkloadResult  11: 2048 op, 468251900.00 ns, 228.6386 us/op
WorkloadResult  12: 2048 op, 479893400.00 ns, 234.3229 us/op
WorkloadResult  13: 2048 op, 497528900.00 ns, 242.9340 us/op
WorkloadResult  14: 2048 op, 474493400.00 ns, 231.6862 us/op
WorkloadResult  15: 2048 op, 482285600.00 ns, 235.4910 us/op
WorkloadResult  16: 2048 op, 503206900.00 ns, 245.7065 us/op
WorkloadResult  17: 2048 op, 436651700.00 ns, 213.2088 us/op
WorkloadResult  18: 2048 op, 514628200.00 ns, 251.2833 us/op
WorkloadResult  19: 2048 op, 493505500.00 ns, 240.9695 us/op
WorkloadResult  20: 2048 op, 480849000.00 ns, 234.7896 us/op
WorkloadResult  21: 2048 op, 416186000.00 ns, 203.2158 us/op
WorkloadResult  22: 2048 op, 453471300.00 ns, 221.4215 us/op
WorkloadResult  23: 2048 op, 473145500.00 ns, 231.0281 us/op
WorkloadResult  24: 2048 op, 449882000.00 ns, 219.6689 us/op
WorkloadResult  25: 2048 op, 424203100.00 ns, 207.1304 us/op
WorkloadResult  26: 2048 op, 413486400.00 ns, 201.8977 us/op
WorkloadResult  27: 2048 op, 423988800.00 ns, 207.0258 us/op
WorkloadResult  28: 2048 op, 418895900.00 ns, 204.5390 us/op
WorkloadResult  29: 2048 op, 427796700.00 ns, 208.8851 us/op
WorkloadResult  30: 2048 op, 421506000.00 ns, 205.8135 us/op
WorkloadResult  31: 2048 op, 421076200.00 ns, 205.6036 us/op
WorkloadResult  32: 2048 op, 426319400.00 ns, 208.1638 us/op
WorkloadResult  33: 2048 op, 425056900.00 ns, 207.5473 us/op
WorkloadResult  34: 2048 op, 418218500.00 ns, 204.2083 us/op
WorkloadResult  35: 2048 op, 445988100.00 ns, 217.7676 us/op
WorkloadResult  36: 2048 op, 416223300.00 ns, 203.2340 us/op
WorkloadResult  37: 2048 op, 461372600.00 ns, 225.2796 us/op
WorkloadResult  38: 2048 op, 410270400.00 ns, 200.3273 us/op
WorkloadResult  39: 2048 op, 415377500.00 ns, 202.8210 us/op
WorkloadResult  40: 2048 op, 420902500.00 ns, 205.5188 us/op
WorkloadResult  41: 2048 op, 419150900.00 ns, 204.6635 us/op
WorkloadResult  42: 2048 op, 414302500.00 ns, 202.2961 us/op
WorkloadResult  43: 2048 op, 408526100.00 ns, 199.4756 us/op
WorkloadResult  44: 2048 op, 471354100.00 ns, 230.1534 us/op
WorkloadResult  45: 2048 op, 440432300.00 ns, 215.0548 us/op
WorkloadResult  46: 2048 op, 440300900.00 ns, 214.9907 us/op
WorkloadResult  47: 2048 op, 413031300.00 ns, 201.6754 us/op
WorkloadResult  48: 2048 op, 420768900.00 ns, 205.4536 us/op
WorkloadResult  49: 2048 op, 413342000.00 ns, 201.8271 us/op
WorkloadResult  50: 2048 op, 426630600.00 ns, 208.3157 us/op
WorkloadResult  51: 2048 op, 428185600.00 ns, 209.0750 us/op
WorkloadResult  52: 2048 op, 417144400.00 ns, 203.6838 us/op
WorkloadResult  53: 2048 op, 413872800.00 ns, 202.0863 us/op
WorkloadResult  54: 2048 op, 423782500.00 ns, 206.9250 us/op
WorkloadResult  55: 2048 op, 439501400.00 ns, 214.6003 us/op
WorkloadResult  56: 2048 op, 419440000.00 ns, 204.8047 us/op
WorkloadResult  57: 2048 op, 433922500.00 ns, 211.8762 us/op
WorkloadResult  58: 2048 op, 468477400.00 ns, 228.7487 us/op
WorkloadResult  59: 2048 op, 415360500.00 ns, 202.8127 us/op
WorkloadResult  60: 2048 op, 426760400.00 ns, 208.3791 us/op
WorkloadResult  61: 2048 op, 414533200.00 ns, 202.4088 us/op
WorkloadResult  62: 2048 op, 414171800.00 ns, 202.2323 us/op
WorkloadResult  63: 2048 op, 431893200.00 ns, 210.8854 us/op
WorkloadResult  64: 2048 op, 414484000.00 ns, 202.3848 us/op
WorkloadResult  65: 2048 op, 424149200.00 ns, 207.1041 us/op
WorkloadResult  66: 2048 op, 417080200.00 ns, 203.6524 us/op
WorkloadResult  67: 2048 op, 429571500.00 ns, 209.7517 us/op
WorkloadResult  68: 2048 op, 420978900.00 ns, 205.5561 us/op
WorkloadResult  69: 2048 op, 416518000.00 ns, 203.3779 us/op
WorkloadResult  70: 2048 op, 443940200.00 ns, 216.7677 us/op
WorkloadResult  71: 2048 op, 430960900.00 ns, 210.4301 us/op
WorkloadResult  72: 2048 op, 427805900.00 ns, 208.8896 us/op
WorkloadResult  73: 2048 op, 428327100.00 ns, 209.1441 us/op
WorkloadResult  74: 2048 op, 403017500.00 ns, 196.7859 us/op
WorkloadResult  75: 2048 op, 427099500.00 ns, 208.5447 us/op
WorkloadResult  76: 2048 op, 424124400.00 ns, 207.0920 us/op
WorkloadResult  77: 2048 op, 426254400.00 ns, 208.1320 us/op
WorkloadResult  78: 2048 op, 419850100.00 ns, 205.0049 us/op
WorkloadResult  79: 2048 op, 408182800.00 ns, 199.3080 us/op
WorkloadResult  80: 2048 op, 427238400.00 ns, 208.6125 us/op
WorkloadResult  81: 2048 op, 429798100.00 ns, 209.8624 us/op
WorkloadResult  82: 2048 op, 423315200.00 ns, 206.6969 us/op
WorkloadResult  83: 2048 op, 426927400.00 ns, 208.4606 us/op
WorkloadResult  84: 2048 op, 410850100.00 ns, 200.6104 us/op
WorkloadResult  85: 2048 op, 518054200.00 ns, 252.9562 us/op
WorkloadResult  86: 2048 op, 442523200.00 ns, 216.0758 us/op
WorkloadResult  87: 2048 op, 405982000.00 ns, 198.2334 us/op
WorkloadResult  88: 2048 op, 410067100.00 ns, 200.2281 us/op
WorkloadResult  89: 2048 op, 422208500.00 ns, 206.1565 us/op
WorkloadResult  90: 2048 op, 425947800.00 ns, 207.9823 us/op
WorkloadResult  91: 2048 op, 446031400.00 ns, 217.7888 us/op
WorkloadResult  92: 2048 op, 428434500.00 ns, 209.1965 us/op
WorkloadResult  93: 2048 op, 416425800.00 ns, 203.3329 us/op
WorkloadResult  94: 2048 op, 422153800.00 ns, 206.1298 us/op
WorkloadResult  95: 2048 op, 418245700.00 ns, 204.2215 us/op
WorkloadResult  96: 2048 op, 419462600.00 ns, 204.8157 us/op
WorkloadResult  97: 2048 op, 425106800.00 ns, 207.5717 us/op
WorkloadResult  98: 2048 op, 414164900.00 ns, 202.2290 us/op
// GC:  383 343 341 1484564664 2048
// Threading:  0 0 2048

// AfterAll
// Benchmark Process 21056 has exited with code 0.

Mean = 214.173 μs, StdErr = 1.453 μs (0.68%), N = 98, StdDev = 14.384 μs
Min = 196.786 μs, Q1 = 204.212 μs, Median = 208.240 μs, Q3 = 220.983 μs, Max = 252.956 μs
IQR = 16.772 μs, LowerFence = 179.054 μs, UpperFence = 246.141 μs
ConfidenceInterval = [209.242 μs; 219.104 μs] (CI 99.9%), Margin = 4.931 μs (2.30% of Mean)
Skewness = 1.16, Kurtosis = 3.16, MValue = 2.33

// ** Remained 5 (35.7%) benchmark(s) to run. Estimated finish 2025-12-02 12:41 (0h 2m from now) **
Successfully reverted power plan (GUID: 381b4222-f694-41f0-9685-ff5bb260df2e FriendlyName: Balanced)
// ***** BenchmarkRunner: Finish  *****

// * Export *
  BenchmarkDotNet.Artifacts\results\RapidStreamer.UnitTests.CollectionHelperBenchmark-report.csv
  BenchmarkDotNet.Artifacts\results\RapidStreamer.UnitTests.CollectionHelperBenchmark-report-github.md
  BenchmarkDotNet.Artifacts\results\RapidStreamer.UnitTests.CollectionHelperBenchmark-report.html

// * Detailed results *
CollectionHelperBenchmark.Filter_Array: DefaultJob
Runtime = .NET 10.0.0 (10.0.25.52411), X64 RyuJIT AVX-512F+CD+BW+DQ+VL+VBMI; GC = Concurrent Workstation
Mean = 211.441 μs, StdErr = 1.099 μs (0.52%), N = 25, StdDev = 5.497 μs
Min = 203.753 μs, Q1 = 207.383 μs, Median = 209.956 μs, Q3 = 214.672 μs, Max = 224.362 μs
IQR = 7.289 μs, LowerFence = 196.449 μs, UpperFence = 225.605 μs
ConfidenceInterval = [207.323 μs; 215.559 μs] (CI 99.9%), Margin = 4.118 μs (1.95% of Mean)
Skewness = 0.8, Kurtosis = 2.68, MValue = 2
-------------------- Histogram --------------------
[201.285 μs ; 206.041 μs) | @@
[206.041 μs ; 210.976 μs) | @@@@@@@@@@@@
[210.976 μs ; 215.732 μs) | @@@@@@
[215.732 μs ; 220.780 μs) | @@@
[220.780 μs ; 226.155 μs) | @@
---------------------------------------------------

CollectionHelperBenchmark.Filter_List: DefaultJob
Runtime = .NET 10.0.0 (10.0.25.52411), X64 RyuJIT AVX-512F+CD+BW+DQ+VL+VBMI; GC = Concurrent Workstation
Mean = 320.890 μs, StdErr = 1.193 μs (0.37%), N = 14, StdDev = 4.462 μs
Min = 314.875 μs, Q1 = 317.633 μs, Median = 319.669 μs, Q3 = 323.409 μs, Max = 332.053 μs
IQR = 5.776 μs, LowerFence = 308.969 μs, UpperFence = 332.073 μs
ConfidenceInterval = [315.856 μs; 325.924 μs] (CI 99.9%), Margin = 5.034 μs (1.57% of Mean)
Skewness = 0.94, Kurtosis = 3.27, MValue = 2
-------------------- Histogram --------------------
[312.445 μs ; 322.119 μs) | @@@@@@@@@
[322.119 μs ; 334.484 μs) | @@@@@
---------------------------------------------------

CollectionHelperBenchmark.Convert_Array: DefaultJob
Runtime = .NET 10.0.0 (10.0.25.52411), X64 RyuJIT AVX-512F+CD+BW+DQ+VL+VBMI; GC = Concurrent Workstation
Mean = 153.211 μs, StdErr = 0.879 μs (0.57%), N = 55, StdDev = 6.521 μs
Min = 143.701 μs, Q1 = 148.354 μs, Median = 151.697 μs, Q3 = 156.758 μs, Max = 170.350 μs
IQR = 8.404 μs, LowerFence = 135.747 μs, UpperFence = 169.364 μs
ConfidenceInterval = [150.151 μs; 156.271 μs] (CI 99.9%), Margin = 3.060 μs (2.00% of Mean)
Skewness = 0.86, Kurtosis = 2.96, MValue = 2.76
-------------------- Histogram --------------------
[141.450 μs ; 146.159 μs) | @@@
[146.159 μs ; 150.660 μs) | @@@@@@@@@@@@@@@@@@@@@
[150.660 μs ; 154.136 μs) | @@@@@@@@@@
[154.136 μs ; 158.637 μs) | @@@@@@@@@@@@@
[158.637 μs ; 166.098 μs) | @@@@@
[166.098 μs ; 171.112 μs) | @@@
---------------------------------------------------

CollectionHelperBenchmark.ForEach_Array: DefaultJob
Runtime = .NET 10.0.0 (10.0.25.52411), X64 RyuJIT AVX-512F+CD+BW+DQ+VL+VBMI; GC = Concurrent Workstation
Mean = 171.206 μs, StdErr = 0.184 μs (0.11%), N = 15, StdDev = 0.714 μs
Min = 170.040 μs, Q1 = 170.647 μs, Median = 171.252 μs, Q3 = 171.657 μs, Max = 172.466 μs
IQR = 1.010 μs, LowerFence = 169.132 μs, UpperFence = 173.171 μs
ConfidenceInterval = [170.443 μs; 171.969 μs] (CI 99.9%), Margin = 0.763 μs (0.45% of Mean)
Skewness = 0.01, Kurtosis = 1.84, MValue = 2
-------------------- Histogram --------------------
[169.660 μs ; 172.846 μs) | @@@@@@@@@@@@@@@
---------------------------------------------------

CollectionHelperBenchmark.ForEach_List: DefaultJob
Runtime = .NET 10.0.0 (10.0.25.52411), X64 RyuJIT AVX-512F+CD+BW+DQ+VL+VBMI; GC = Concurrent Workstation
Mean = 167.534 μs, StdErr = 0.303 μs (0.18%), N = 15, StdDev = 1.173 μs
Min = 166.085 μs, Q1 = 166.538 μs, Median = 167.308 μs, Q3 = 168.535 μs, Max = 169.505 μs
IQR = 1.997 μs, LowerFence = 163.542 μs, UpperFence = 171.531 μs
ConfidenceInterval = [166.280 μs; 168.789 μs] (CI 99.9%), Margin = 1.254 μs (0.75% of Mean)
Skewness = 0.34, Kurtosis = 1.55, MValue = 2
-------------------- Histogram --------------------
[165.460 μs ; 170.129 μs) | @@@@@@@@@@@@@@@
---------------------------------------------------

CollectionHelperBenchmark.Linq_Filter_Array: DefaultJob
Runtime = .NET 10.0.0 (10.0.25.52411), X64 RyuJIT AVX-512F+CD+BW+DQ+VL+VBMI; GC = Concurrent Workstation
Mean = 108.952 μs, StdErr = 0.362 μs (0.33%), N = 17, StdDev = 1.493 μs
Min = 106.783 μs, Q1 = 107.797 μs, Median = 108.761 μs, Q3 = 109.605 μs, Max = 112.696 μs
IQR = 1.808 μs, LowerFence = 105.086 μs, UpperFence = 112.316 μs
ConfidenceInterval = [107.498 μs; 110.405 μs] (CI 99.9%), Margin = 1.454 μs (1.33% of Mean)
Skewness = 0.81, Kurtosis = 3.07, MValue = 2
-------------------- Histogram --------------------
[106.021 μs ; 109.529 μs) | @@@@@@@@@@@@
[109.529 μs ; 113.458 μs) | @@@@@
---------------------------------------------------

CollectionHelperBenchmark.Linq_Convert_Array: DefaultJob
Runtime = .NET 10.0.0 (10.0.25.52411), X64 RyuJIT AVX-512F+CD+BW+DQ+VL+VBMI; GC = Concurrent Workstation
Mean = 146.037 μs, StdErr = 0.829 μs (0.57%), N = 59, StdDev = 6.365 μs
Min = 134.431 μs, Q1 = 141.913 μs, Median = 146.045 μs, Q3 = 151.165 μs, Max = 160.680 μs
IQR = 9.252 μs, LowerFence = 128.034 μs, UpperFence = 165.044 μs
ConfidenceInterval = [143.164 μs; 148.909 μs] (CI 99.9%), Margin = 2.873 μs (1.97% of Mean)
Skewness = 0.08, Kurtosis = 2.49, MValue = 2
-------------------- Histogram --------------------
[133.617 μs ; 138.349 μs) | @@@@@@@@
[138.349 μs ; 143.267 μs) | @@@@@@@@@
[143.267 μs ; 147.559 μs) | @@@@@@@@@@@@@@@@@@@
[147.559 μs ; 153.720 μs) | @@@@@@@@@@@@@@@@@@@
[153.720 μs ; 161.083 μs) | @@@@
---------------------------------------------------

CollectionHelperBenchmark.Linq_ForEach_Array: DefaultJob
Runtime = .NET 10.0.0 (10.0.25.52411), X64 RyuJIT AVX-512F+CD+BW+DQ+VL+VBMI; GC = Concurrent Workstation
Mean = 25.908 μs, StdErr = 0.078 μs (0.30%), N = 13, StdDev = 0.280 μs
Min = 25.511 μs, Q1 = 25.709 μs, Median = 25.844 μs, Q3 = 26.154 μs, Max = 26.430 μs
IQR = 0.444 μs, LowerFence = 25.043 μs, UpperFence = 26.820 μs
ConfidenceInterval = [25.572 μs; 26.243 μs] (CI 99.9%), Margin = 0.335 μs (1.29% of Mean)
Skewness = 0.3, Kurtosis = 1.78, MValue = 2
-------------------- Histogram --------------------
[25.468 μs ; 26.586 μs) | @@@@@@@@@@@@@
---------------------------------------------------

CollectionHelperBenchmark.ForEach_LinkedArray: DefaultJob
Runtime = .NET 10.0.0 (10.0.25.52411), X64 RyuJIT AVX-512F+CD+BW+DQ+VL+VBMI; GC = Concurrent Workstation
Mean = 214.173 μs, StdErr = 1.453 μs (0.68%), N = 98, StdDev = 14.384 μs
Min = 196.786 μs, Q1 = 204.212 μs, Median = 208.240 μs, Q3 = 220.983 μs, Max = 252.956 μs
IQR = 16.772 μs, LowerFence = 179.054 μs, UpperFence = 246.141 μs
ConfidenceInterval = [209.242 μs; 219.104 μs] (CI 99.9%), Margin = 4.931 μs (2.30% of Mean)
Skewness = 1.16, Kurtosis = 3.16, MValue = 2.33
-------------------- Histogram --------------------
[192.691 μs ; 201.674 μs) | @@@@@@@
[201.674 μs ; 209.864 μs) | @@@@@@@@@@@@@@@@@@@@@@@@@@@@@@@@@@@@@@@@@@@@@@@@@@@@@@
[209.864 μs ; 218.204 μs) | @@@@@@@@@@@
[218.204 μs ; 227.970 μs) | @@@@
[227.970 μs ; 236.160 μs) | @@@@@@@@@@@@
[236.160 μs ; 247.155 μs) | @@@@@@@
[247.155 μs ; 257.051 μs) | @@@
---------------------------------------------------

// * Summary *

BenchmarkDotNet v0.14.0, Windows 11 (10.0.26200.7171)
11th Gen Intel Core i7-1185G7 3.00GHz, 1 CPU, 8 logical and 4 physical cores
.NET SDK 10.0.100
  [Host]     : .NET 10.0.0 (10.0.25.52411), X64 RyuJIT AVX-512F+CD+BW+DQ+VL+VBMI
  DefaultJob : .NET 10.0.0 (10.0.25.52411), X64 RyuJIT AVX-512F+CD+BW+DQ+VL+VBMI


| Method              | Mean      | Error    | StdDev    | Median    | Gen0     | Gen1     | Gen2     | Allocated |
|-------------------- |----------:|---------:|----------:|----------:|---------:|---------:|---------:|----------:|
| Filter_Array        | 211.44 μs | 4.118 μs |  5.497 μs | 209.96 μs | 124.7559 | 124.7559 | 124.7559 |  524706 B |
| Filter_List         | 320.89 μs | 5.034 μs |  4.462 μs | 319.67 μs | 249.5117 | 249.5117 | 249.5117 |  924772 B |
| Convert_Array       | 153.21 μs | 3.060 μs |  6.521 μs | 151.70 μs | 124.7559 | 124.7559 | 124.7559 |  400066 B |
| ForEach_Array       | 171.21 μs | 0.763 μs |  0.714 μs | 171.25 μs |        - |        - |        - |     112 B |
| ForEach_List        | 167.53 μs | 1.254 μs |  1.173 μs | 167.31 μs |        - |        - |        - |      24 B |
| Linq_Filter_Array   | 108.95 μs | 1.454 μs |  1.493 μs | 108.76 μs |  62.2559 |  62.2559 |  62.2559 |  200116 B |
| Linq_Convert_Array  | 146.04 μs | 2.873 μs |  6.365 μs | 146.05 μs | 124.7559 | 124.7559 | 124.7559 |  400114 B |
| Linq_ForEach_Array  |  25.91 μs | 0.335 μs |  0.280 μs |  25.84 μs |        - |        - |        - |         - |
| ForEach_LinkedArray | 214.17 μs | 4.931 μs | 14.384 μs | 208.24 μs | 187.0117 | 167.4805 | 166.5039 |  724885 B |

// * Hints *
Outliers
  CollectionHelperBenchmark.Filter_Array: Default        -> 1 outlier  was  removed (232.25 μs)
  CollectionHelperBenchmark.Filter_List: Default         -> 1 outlier  was  removed (335.14 μs)
  CollectionHelperBenchmark.Convert_Array: Default       -> 3 outliers were removed (172.16 μs..204.58 μs)
  CollectionHelperBenchmark.Linq_Filter_Array: Default   -> 4 outliers were removed (116.10 μs..121.61 μs)
  CollectionHelperBenchmark.Linq_ForEach_Array: Default  -> 2 outliers were removed (26.93 μs, 26.98 μs)
  CollectionHelperBenchmark.ForEach_LinkedArray: Default -> 2 outliers were removed (259.65 μs, 264.44 μs)

// * Legends *
  Mean      : Arithmetic mean of all measurements
  Error     : Half of 99.9% confidence interval
  StdDev    : Standard deviation of all measurements
  Median    : Value separating the higher half of all measurements (50th percentile)
  Gen0      : GC Generation 0 collects per 1000 operations
  Gen1      : GC Generation 1 collects per 1000 operations
  Gen2      : GC Generation 2 collects per 1000 operations
  Allocated : Allocated memory per single operation (managed only, inclusive, 1KB = 1024B)
  1 μs      : 1 Microsecond (0.000001 sec)

// * Diagnostic Output - MemoryDiagnoser *


// ***** BenchmarkRunner: End *****
Run time: 00:04:23 (263.88 sec), executed benchmarks: 9

// Found 5 benchmarks:
//   SizeBenchmark.CalculateLargeList: DefaultJob
//   SizeBenchmark.CalculateLargeArray: DefaultJob
//   SizeBenchmark.CalculateLargeDict: DefaultJob
//   SizeBenchmark.CalculateLargeObject: DefaultJob
//   SizeBenchmark.CalculateLargeObjectList: DefaultJob

Setup power plan (GUID: 8c5e7fda-e8bf-4a96-9a85-a6e23a8c635c FriendlyName: High performance)
// **************************
// Benchmark: SizeBenchmark.CalculateLargeList: DefaultJob
// *** Execute ***
// Launch: 1 / 1
// Execute: dotnet a04e4e0f-9f33-49ff-adaf-06480d31a5c1.dll --anonymousPipes 2496 1296 --benchmarkName RapidStreamer.UnitTests.SizeBenchmark.CalculateLargeList --job Default --benchmarkId 9 in C:\Users\Kiarash\RiderProjects\RapidStreamer.BuildingBlocks\Tests\RapidStreamer.UnitTests\bin\Release\net10.0\a04e4e0f-9f33-49ff-adaf-06480d31a5c1\bin\Release\net10.0
// BeforeAnythingElse

// Benchmark Process Environment Information:
// BenchmarkDotNet v0.14.0
// Runtime=.NET 10.0.0 (10.0.25.52411), X64 RyuJIT AVX-512F+CD+BW+DQ+VL+VBMI
// GC=Concurrent Workstation
// HardwareIntrinsics=AVX-512F+CD+BW+DQ+VL+VBMI,AES,BMI1,BMI2,FMA,LZCNT,PCLMUL,POPCNT VectorSize=256
// Job: DefaultJob

OverheadJitting  1: 1 op, 807400.00 ns, 807.4000 us/op
WorkloadJitting  1: 1 op, 17520700.00 ns, 17.5207 ms/op

OverheadJitting  2: 16 op, 359800.00 ns, 22.4875 us/op
WorkloadJitting  2: 16 op, 600300.00 ns, 37.5188 us/op

WorkloadPilot    1: 16 op, 334700.00 ns, 20.9188 us/op
WorkloadPilot    2: 32 op, 1709800.00 ns, 53.4313 us/op
WorkloadPilot    3: 64 op, 601500.00 ns, 9.3984 us/op
WorkloadPilot    4: 128 op, 351700.00 ns, 2.7477 us/op
WorkloadPilot    5: 256 op, 1034200.00 ns, 4.0398 us/op
WorkloadPilot    6: 512 op, 1672200.00 ns, 3.2660 us/op
WorkloadPilot    7: 1024 op, 2001000.00 ns, 1.9541 us/op
WorkloadPilot    8: 2048 op, 7441300.00 ns, 3.6334 us/op
WorkloadPilot    9: 4096 op, 12643700.00 ns, 3.0868 us/op
WorkloadPilot   10: 8192 op, 26042300.00 ns, 3.1790 us/op
WorkloadPilot   11: 16384 op, 45447500.00 ns, 2.7739 us/op
WorkloadPilot   12: 32768 op, 74648800.00 ns, 2.2781 us/op
WorkloadPilot   13: 65536 op, 205255900.00 ns, 3.1320 us/op
WorkloadPilot   14: 131072 op, 439287900.00 ns, 3.3515 us/op
WorkloadPilot   15: 262144 op, 763724400.00 ns, 2.9134 us/op

OverheadWarmup   1: 262144 op, 618000.00 ns, 2.3575 ns/op
OverheadWarmup   2: 262144 op, 616400.00 ns, 2.3514 ns/op
OverheadWarmup   3: 262144 op, 633200.00 ns, 2.4155 ns/op
OverheadWarmup   4: 262144 op, 600600.00 ns, 2.2911 ns/op
OverheadWarmup   5: 262144 op, 600500.00 ns, 2.2907 ns/op
OverheadWarmup   6: 262144 op, 571500.00 ns, 2.1801 ns/op
OverheadWarmup   7: 262144 op, 631700.00 ns, 2.4097 ns/op
OverheadWarmup   8: 262144 op, 600500.00 ns, 2.2907 ns/op

OverheadActual   1: 262144 op, 631600.00 ns, 2.4094 ns/op
OverheadActual   2: 262144 op, 601100.00 ns, 2.2930 ns/op
OverheadActual   3: 262144 op, 626500.00 ns, 2.3899 ns/op
OverheadActual   4: 262144 op, 628700.00 ns, 2.3983 ns/op
OverheadActual   5: 262144 op, 617300.00 ns, 2.3548 ns/op
OverheadActual   6: 262144 op, 652700.00 ns, 2.4899 ns/op
OverheadActual   7: 262144 op, 654200.00 ns, 2.4956 ns/op
OverheadActual   8: 262144 op, 608200.00 ns, 2.3201 ns/op
OverheadActual   9: 262144 op, 617800.00 ns, 2.3567 ns/op
OverheadActual  10: 262144 op, 602000.00 ns, 2.2964 ns/op
OverheadActual  11: 262144 op, 602100.00 ns, 2.2968 ns/op
OverheadActual  12: 262144 op, 602000.00 ns, 2.2964 ns/op
OverheadActual  13: 262144 op, 643800.00 ns, 2.4559 ns/op
OverheadActual  14: 262144 op, 609400.00 ns, 2.3247 ns/op
OverheadActual  15: 262144 op, 602100.00 ns, 2.2968 ns/op

WorkloadWarmup   1: 262144 op, 591521200.00 ns, 2.2565 us/op
WorkloadWarmup   2: 262144 op, 426837300.00 ns, 1.6283 us/op
WorkloadWarmup   3: 262144 op, 433073300.00 ns, 1.6520 us/op
WorkloadWarmup   4: 262144 op, 427016100.00 ns, 1.6289 us/op
WorkloadWarmup   5: 262144 op, 429001100.00 ns, 1.6365 us/op
WorkloadWarmup   6: 262144 op, 439780700.00 ns, 1.6776 us/op
WorkloadWarmup   7: 262144 op, 432333700.00 ns, 1.6492 us/op

// BeforeActualRun
WorkloadActual   1: 262144 op, 427337700.00 ns, 1.6302 us/op
WorkloadActual   2: 262144 op, 442158700.00 ns, 1.6867 us/op
WorkloadActual   3: 262144 op, 434862400.00 ns, 1.6589 us/op
WorkloadActual   4: 262144 op, 429310800.00 ns, 1.6377 us/op
WorkloadActual   5: 262144 op, 431570900.00 ns, 1.6463 us/op
WorkloadActual   6: 262144 op, 445924800.00 ns, 1.7011 us/op
WorkloadActual   7: 262144 op, 483497900.00 ns, 1.8444 us/op
WorkloadActual   8: 262144 op, 517354700.00 ns, 1.9736 us/op
WorkloadActual   9: 262144 op, 468149200.00 ns, 1.7858 us/op
WorkloadActual  10: 262144 op, 428712900.00 ns, 1.6354 us/op
WorkloadActual  11: 262144 op, 423606400.00 ns, 1.6159 us/op
WorkloadActual  12: 262144 op, 432682700.00 ns, 1.6506 us/op
WorkloadActual  13: 262144 op, 427424800.00 ns, 1.6305 us/op
WorkloadActual  14: 262144 op, 422176900.00 ns, 1.6105 us/op
WorkloadActual  15: 262144 op, 423832900.00 ns, 1.6168 us/op
WorkloadActual  16: 262144 op, 442028100.00 ns, 1.6862 us/op
WorkloadActual  17: 262144 op, 441237400.00 ns, 1.6832 us/op
WorkloadActual  18: 262144 op, 444827600.00 ns, 1.6969 us/op
WorkloadActual  19: 262144 op, 482210100.00 ns, 1.8395 us/op
WorkloadActual  20: 262144 op, 455052500.00 ns, 1.7359 us/op
WorkloadActual  21: 262144 op, 460024700.00 ns, 1.7549 us/op
WorkloadActual  22: 262144 op, 424143500.00 ns, 1.6180 us/op
WorkloadActual  23: 262144 op, 442429600.00 ns, 1.6877 us/op
WorkloadActual  24: 262144 op, 433605600.00 ns, 1.6541 us/op
WorkloadActual  25: 262144 op, 440803500.00 ns, 1.6815 us/op
WorkloadActual  26: 262144 op, 440952600.00 ns, 1.6821 us/op
WorkloadActual  27: 262144 op, 431176800.00 ns, 1.6448 us/op
WorkloadActual  28: 262144 op, 454693200.00 ns, 1.7345 us/op
WorkloadActual  29: 262144 op, 429573800.00 ns, 1.6387 us/op
WorkloadActual  30: 262144 op, 422185400.00 ns, 1.6105 us/op

// AfterActualRun
WorkloadResult   1: 262144 op, 426720400.00 ns, 1.6278 us/op
WorkloadResult   2: 262144 op, 441541400.00 ns, 1.6843 us/op
WorkloadResult   3: 262144 op, 434245100.00 ns, 1.6565 us/op
WorkloadResult   4: 262144 op, 428693500.00 ns, 1.6353 us/op
WorkloadResult   5: 262144 op, 430953600.00 ns, 1.6440 us/op
WorkloadResult   6: 262144 op, 445307500.00 ns, 1.6987 us/op
WorkloadResult   7: 262144 op, 467531900.00 ns, 1.7835 us/op
WorkloadResult   8: 262144 op, 428095600.00 ns, 1.6331 us/op
WorkloadResult   9: 262144 op, 422989100.00 ns, 1.6136 us/op
WorkloadResult  10: 262144 op, 432065400.00 ns, 1.6482 us/op
WorkloadResult  11: 262144 op, 426807500.00 ns, 1.6281 us/op
WorkloadResult  12: 262144 op, 421559600.00 ns, 1.6081 us/op
WorkloadResult  13: 262144 op, 423215600.00 ns, 1.6144 us/op
WorkloadResult  14: 262144 op, 441410800.00 ns, 1.6838 us/op
WorkloadResult  15: 262144 op, 440620100.00 ns, 1.6808 us/op
WorkloadResult  16: 262144 op, 444210300.00 ns, 1.6945 us/op
WorkloadResult  17: 262144 op, 454435200.00 ns, 1.7335 us/op
WorkloadResult  18: 262144 op, 459407400.00 ns, 1.7525 us/op
WorkloadResult  19: 262144 op, 423526200.00 ns, 1.6156 us/op
WorkloadResult  20: 262144 op, 441812300.00 ns, 1.6854 us/op
WorkloadResult  21: 262144 op, 432988300.00 ns, 1.6517 us/op
WorkloadResult  22: 262144 op, 440186200.00 ns, 1.6792 us/op
WorkloadResult  23: 262144 op, 440335300.00 ns, 1.6797 us/op
WorkloadResult  24: 262144 op, 430559500.00 ns, 1.6425 us/op
WorkloadResult  25: 262144 op, 454075900.00 ns, 1.7322 us/op
WorkloadResult  26: 262144 op, 428956500.00 ns, 1.6363 us/op
WorkloadResult  27: 262144 op, 421568100.00 ns, 1.6082 us/op
// GC:  35 34 0 224403848 262144
// Threading:  264216 6 262144

// AfterAll
// Benchmark Process 41312 has exited with code 0.

Mean = 1.665 μs, StdErr = 0.009 μs (0.54%), N = 27, StdDev = 0.046 μs
Min = 1.608 μs, Q1 = 1.631 μs, Median = 1.652 μs, Q3 = 1.685 μs, Max = 1.783 μs
IQR = 0.054 μs, LowerFence = 1.549 μs, UpperFence = 1.766 μs
ConfidenceInterval = [1.632 μs; 1.698 μs] (CI 99.9%), Margin = 0.033 μs (1.98% of Mean)
Skewness = 0.79, Kurtosis = 2.81, MValue = 2

// ** Remained 4 (28.6%) benchmark(s) to run. Estimated finish 2025-12-02 12:41 (0h 1m from now) **
Setup power plan (GUID: 8c5e7fda-e8bf-4a96-9a85-a6e23a8c635c FriendlyName: High performance)
// **************************
// Benchmark: SizeBenchmark.CalculateLargeArray: DefaultJob
// *** Execute ***
// Launch: 1 / 1
// Execute: dotnet a04e4e0f-9f33-49ff-adaf-06480d31a5c1.dll --anonymousPipes 2580 2496 --benchmarkName RapidStreamer.UnitTests.SizeBenchmark.CalculateLargeArray --job Default --benchmarkId 10 in C:\Users\Kiarash\RiderProjects\RapidStreamer.BuildingBlocks\Tests\RapidStreamer.UnitTests\bin\Release\net10.0\a04e4e0f-9f33-49ff-adaf-06480d31a5c1\bin\Release\net10.0
// BeforeAnythingElse

// Benchmark Process Environment Information:
// BenchmarkDotNet v0.14.0
// Runtime=.NET 10.0.0 (10.0.25.52411), X64 RyuJIT AVX-512F+CD+BW+DQ+VL+VBMI
// GC=Concurrent Workstation
// HardwareIntrinsics=AVX-512F+CD+BW+DQ+VL+VBMI,AES,BMI1,BMI2,FMA,LZCNT,PCLMUL,POPCNT VectorSize=256
// Job: DefaultJob

OverheadJitting  1: 1 op, 738400.00 ns, 738.4000 us/op
WorkloadJitting  1: 1 op, 8383900.00 ns, 8.3839 ms/op

OverheadJitting  2: 16 op, 460800.00 ns, 28.8000 us/op
WorkloadJitting  2: 16 op, 543500.00 ns, 33.9688 us/op

WorkloadPilot    1: 16 op, 208900.00 ns, 13.0563 us/op
WorkloadPilot    2: 32 op, 451100.00 ns, 14.0969 us/op
WorkloadPilot    3: 64 op, 142000.00 ns, 2.2188 us/op
WorkloadPilot    4: 128 op, 303000.00 ns, 2.3672 us/op
WorkloadPilot    5: 256 op, 445000.00 ns, 1.7383 us/op
WorkloadPilot    6: 512 op, 967000.00 ns, 1.8887 us/op
WorkloadPilot    7: 1024 op, 1432100.00 ns, 1.3985 us/op
WorkloadPilot    8: 2048 op, 2900500.00 ns, 1.4163 us/op
WorkloadPilot    9: 4096 op, 7146300.00 ns, 1.7447 us/op
WorkloadPilot   10: 8192 op, 16739300.00 ns, 2.0434 us/op
WorkloadPilot   11: 16384 op, 36182400.00 ns, 2.2084 us/op
WorkloadPilot   12: 32768 op, 61047900.00 ns, 1.8630 us/op
WorkloadPilot   13: 65536 op, 120035400.00 ns, 1.8316 us/op
WorkloadPilot   14: 131072 op, 283523700.00 ns, 2.1631 us/op
WorkloadPilot   15: 262144 op, 574045300.00 ns, 2.1898 us/op

OverheadWarmup   1: 262144 op, 624400.00 ns, 2.3819 ns/op
OverheadWarmup   2: 262144 op, 602900.00 ns, 2.2999 ns/op
OverheadWarmup   3: 262144 op, 632800.00 ns, 2.4139 ns/op
OverheadWarmup   4: 262144 op, 711800.00 ns, 2.7153 ns/op
OverheadWarmup   5: 262144 op, 632800.00 ns, 2.4139 ns/op
OverheadWarmup   6: 262144 op, 614600.00 ns, 2.3445 ns/op
OverheadWarmup   7: 262144 op, 625800.00 ns, 2.3872 ns/op
OverheadWarmup   8: 262144 op, 600800.00 ns, 2.2919 ns/op

OverheadActual   1: 262144 op, 727000.00 ns, 2.7733 ns/op
OverheadActual   2: 262144 op, 676200.00 ns, 2.5795 ns/op
OverheadActual   3: 262144 op, 760100.00 ns, 2.8996 ns/op
OverheadActual   4: 262144 op, 618500.00 ns, 2.3594 ns/op
OverheadActual   5: 262144 op, 655400.00 ns, 2.5002 ns/op
OverheadActual   6: 262144 op, 668200.00 ns, 2.5490 ns/op
OverheadActual   7: 262144 op, 661200.00 ns, 2.5223 ns/op
OverheadActual   8: 262144 op, 700800.00 ns, 2.6733 ns/op
OverheadActual   9: 262144 op, 618200.00 ns, 2.3582 ns/op
OverheadActual  10: 262144 op, 616800.00 ns, 2.3529 ns/op
OverheadActual  11: 262144 op, 646800.00 ns, 2.4673 ns/op
OverheadActual  12: 262144 op, 616200.00 ns, 2.3506 ns/op
OverheadActual  13: 262144 op, 629000.00 ns, 2.3994 ns/op
OverheadActual  14: 262144 op, 603700.00 ns, 2.3029 ns/op
OverheadActual  15: 262144 op, 619400.00 ns, 2.3628 ns/op
OverheadActual  16: 262144 op, 628400.00 ns, 2.3972 ns/op
OverheadActual  17: 262144 op, 636300.00 ns, 2.4273 ns/op
OverheadActual  18: 262144 op, 629500.00 ns, 2.4014 ns/op
OverheadActual  19: 262144 op, 606300.00 ns, 2.3129 ns/op

WorkloadWarmup   1: 262144 op, 425806100.00 ns, 1.6243 us/op
WorkloadWarmup   2: 262144 op, 369115800.00 ns, 1.4081 us/op
WorkloadWarmup   3: 262144 op, 352828500.00 ns, 1.3459 us/op
WorkloadWarmup   4: 262144 op, 347901400.00 ns, 1.3271 us/op
WorkloadWarmup   5: 262144 op, 360371600.00 ns, 1.3747 us/op
WorkloadWarmup   6: 262144 op, 368892300.00 ns, 1.4072 us/op
WorkloadWarmup   7: 262144 op, 345482200.00 ns, 1.3179 us/op
WorkloadWarmup   8: 262144 op, 351603300.00 ns, 1.3413 us/op
WorkloadWarmup   9: 262144 op, 353885400.00 ns, 1.3500 us/op
WorkloadWarmup  10: 262144 op, 348054900.00 ns, 1.3277 us/op

// BeforeActualRun
WorkloadActual   1: 262144 op, 371318200.00 ns, 1.4165 us/op
WorkloadActual   2: 262144 op, 349542700.00 ns, 1.3334 us/op
WorkloadActual   3: 262144 op, 332970300.00 ns, 1.2702 us/op
WorkloadActual   4: 262144 op, 327169600.00 ns, 1.2481 us/op
WorkloadActual   5: 262144 op, 341325700.00 ns, 1.3021 us/op
WorkloadActual   6: 262144 op, 344193900.00 ns, 1.3130 us/op
WorkloadActual   7: 262144 op, 343259000.00 ns, 1.3094 us/op
WorkloadActual   8: 262144 op, 355703700.00 ns, 1.3569 us/op
WorkloadActual   9: 262144 op, 343734300.00 ns, 1.3112 us/op
WorkloadActual  10: 262144 op, 338195000.00 ns, 1.2901 us/op
WorkloadActual  11: 262144 op, 341481500.00 ns, 1.3026 us/op
WorkloadActual  12: 262144 op, 348950800.00 ns, 1.3311 us/op
WorkloadActual  13: 262144 op, 340551400.00 ns, 1.2991 us/op
WorkloadActual  14: 262144 op, 366527800.00 ns, 1.3982 us/op
WorkloadActual  15: 262144 op, 381725500.00 ns, 1.4562 us/op
WorkloadActual  16: 262144 op, 391664700.00 ns, 1.4941 us/op
WorkloadActual  17: 262144 op, 391850500.00 ns, 1.4948 us/op
WorkloadActual  18: 262144 op, 388863500.00 ns, 1.4834 us/op
WorkloadActual  19: 262144 op, 354508600.00 ns, 1.3523 us/op
WorkloadActual  20: 262144 op, 346607200.00 ns, 1.3222 us/op
WorkloadActual  21: 262144 op, 351770100.00 ns, 1.3419 us/op
WorkloadActual  22: 262144 op, 348132200.00 ns, 1.3280 us/op
WorkloadActual  23: 262144 op, 352250100.00 ns, 1.3437 us/op
WorkloadActual  24: 262144 op, 348524000.00 ns, 1.3295 us/op
WorkloadActual  25: 262144 op, 345957800.00 ns, 1.3197 us/op
WorkloadActual  26: 262144 op, 344741600.00 ns, 1.3151 us/op
WorkloadActual  27: 262144 op, 350556400.00 ns, 1.3373 us/op
WorkloadActual  28: 262144 op, 346928400.00 ns, 1.3234 us/op
WorkloadActual  29: 262144 op, 349513100.00 ns, 1.3333 us/op

// AfterActualRun
WorkloadResult   1: 262144 op, 348913200.00 ns, 1.3310 us/op
WorkloadResult   2: 262144 op, 332340800.00 ns, 1.2678 us/op
WorkloadResult   3: 262144 op, 326540100.00 ns, 1.2457 us/op
WorkloadResult   4: 262144 op, 340696200.00 ns, 1.2997 us/op
WorkloadResult   5: 262144 op, 343564400.00 ns, 1.3106 us/op
WorkloadResult   6: 262144 op, 342629500.00 ns, 1.3070 us/op
WorkloadResult   7: 262144 op, 355074200.00 ns, 1.3545 us/op
WorkloadResult   8: 262144 op, 343104800.00 ns, 1.3088 us/op
WorkloadResult   9: 262144 op, 337565500.00 ns, 1.2877 us/op
WorkloadResult  10: 262144 op, 340852000.00 ns, 1.3002 us/op
WorkloadResult  11: 262144 op, 348321300.00 ns, 1.3287 us/op
WorkloadResult  12: 262144 op, 339921900.00 ns, 1.2967 us/op
WorkloadResult  13: 262144 op, 365898300.00 ns, 1.3958 us/op
WorkloadResult  14: 262144 op, 353879100.00 ns, 1.3499 us/op
WorkloadResult  15: 262144 op, 345977700.00 ns, 1.3198 us/op
WorkloadResult  16: 262144 op, 351140600.00 ns, 1.3395 us/op
WorkloadResult  17: 262144 op, 347502700.00 ns, 1.3256 us/op
WorkloadResult  18: 262144 op, 351620600.00 ns, 1.3413 us/op
WorkloadResult  19: 262144 op, 347894500.00 ns, 1.3271 us/op
WorkloadResult  20: 262144 op, 345328300.00 ns, 1.3173 us/op
WorkloadResult  21: 262144 op, 344112100.00 ns, 1.3127 us/op
WorkloadResult  22: 262144 op, 349926900.00 ns, 1.3349 us/op
WorkloadResult  23: 262144 op, 346298900.00 ns, 1.3210 us/op
WorkloadResult  24: 262144 op, 348883600.00 ns, 1.3309 us/op
// GC:  25 24 0 161471584 262144
// Threading:  265450 1 262144

// AfterAll
// Benchmark Process 7020 has exited with code 0.

Mean = 1.319 μs, StdErr = 0.006 μs (0.46%), N = 24, StdDev = 0.030 μs
Min = 1.246 μs, Q1 = 1.305 μs, Median = 1.320 μs, Q3 = 1.332 μs, Max = 1.396 μs
IQR = 0.027 μs, LowerFence = 1.265 μs, UpperFence = 1.372 μs
ConfidenceInterval = [1.296 μs; 1.342 μs] (CI 99.9%), Margin = 0.023 μs (1.73% of Mean)
Skewness = -0.04, Kurtosis = 4, MValue = 2

// ** Remained 3 (21.4%) benchmark(s) to run. Estimated finish 2025-12-02 12:40 (0h 1m from now) **
Setup power plan (GUID: 8c5e7fda-e8bf-4a96-9a85-a6e23a8c635c FriendlyName: High performance)
// **************************
// Benchmark: SizeBenchmark.CalculateLargeDict: DefaultJob
// *** Execute ***
// Launch: 1 / 1
// Execute: dotnet a04e4e0f-9f33-49ff-adaf-06480d31a5c1.dll --anonymousPipes 2388 2568 --benchmarkName RapidStreamer.UnitTests.SizeBenchmark.CalculateLargeDict --job Default --benchmarkId 11 in C:\Users\Kiarash\RiderProjects\RapidStreamer.BuildingBlocks\Tests\RapidStreamer.UnitTests\bin\Release\net10.0\a04e4e0f-9f33-49ff-adaf-06480d31a5c1\bin\Release\net10.0
// BeforeAnythingElse

// Benchmark Process Environment Information:
// BenchmarkDotNet v0.14.0
// Runtime=.NET 10.0.0 (10.0.25.52411), X64 RyuJIT AVX-512F+CD+BW+DQ+VL+VBMI
// GC=Concurrent Workstation
// HardwareIntrinsics=AVX-512F+CD+BW+DQ+VL+VBMI,AES,BMI1,BMI2,FMA,LZCNT,PCLMUL,POPCNT VectorSize=256
// Job: DefaultJob

OverheadJitting  1: 1 op, 803800.00 ns, 803.8000 us/op
WorkloadJitting  1: 1 op, 28462200.00 ns, 28.4622 ms/op

OverheadJitting  2: 16 op, 438100.00 ns, 27.3813 us/op
WorkloadJitting  2: 16 op, 107060600.00 ns, 6.6913 ms/op

WorkloadPilot    1: 16 op, 101699100.00 ns, 6.3562 ms/op
WorkloadPilot    2: 32 op, 212485900.00 ns, 6.6402 ms/op
WorkloadPilot    3: 64 op, 499564600.00 ns, 7.8057 ms/op
WorkloadPilot    4: 128 op, 814413400.00 ns, 6.3626 ms/op

OverheadWarmup   1: 128 op, 1800.00 ns, 14.0625 ns/op
OverheadWarmup   2: 128 op, 1100.00 ns, 8.5938 ns/op
OverheadWarmup   3: 128 op, 1200.00 ns, 9.3750 ns/op
OverheadWarmup   4: 128 op, 1400.00 ns, 10.9375 ns/op
OverheadWarmup   5: 128 op, 1200.00 ns, 9.3750 ns/op
OverheadWarmup   6: 128 op, 1300.00 ns, 10.1563 ns/op
OverheadWarmup   7: 128 op, 1000.00 ns, 7.8125 ns/op

OverheadActual   1: 128 op, 1500.00 ns, 11.7188 ns/op
OverheadActual   2: 128 op, 1000.00 ns, 7.8125 ns/op
OverheadActual   3: 128 op, 1600.00 ns, 12.5000 ns/op
OverheadActual   4: 128 op, 1200.00 ns, 9.3750 ns/op
OverheadActual   5: 128 op, 1000.00 ns, 7.8125 ns/op
OverheadActual   6: 128 op, 900.00 ns, 7.0313 ns/op
OverheadActual   7: 128 op, 1300.00 ns, 10.1563 ns/op
OverheadActual   8: 128 op, 900.00 ns, 7.0313 ns/op
OverheadActual   9: 128 op, 1100.00 ns, 8.5938 ns/op
OverheadActual  10: 128 op, 800.00 ns, 6.2500 ns/op
OverheadActual  11: 128 op, 600.00 ns, 4.6875 ns/op
OverheadActual  12: 128 op, 700.00 ns, 5.4688 ns/op
OverheadActual  13: 128 op, 800.00 ns, 6.2500 ns/op
OverheadActual  14: 128 op, 900.00 ns, 7.0313 ns/op
OverheadActual  15: 128 op, 1900.00 ns, 14.8438 ns/op
OverheadActual  16: 128 op, 1100.00 ns, 8.5938 ns/op
OverheadActual  17: 128 op, 1000.00 ns, 7.8125 ns/op
OverheadActual  18: 128 op, 1000.00 ns, 7.8125 ns/op
OverheadActual  19: 128 op, 800.00 ns, 6.2500 ns/op
OverheadActual  20: 128 op, 1600.00 ns, 12.5000 ns/op

WorkloadWarmup   1: 128 op, 629461300.00 ns, 4.9177 ms/op
WorkloadWarmup   2: 128 op, 622011100.00 ns, 4.8595 ms/op
WorkloadWarmup   3: 128 op, 650764100.00 ns, 5.0841 ms/op
WorkloadWarmup   4: 128 op, 701232000.00 ns, 5.4784 ms/op
WorkloadWarmup   5: 128 op, 664147900.00 ns, 5.1887 ms/op
WorkloadWarmup   6: 128 op, 626274300.00 ns, 4.8928 ms/op
WorkloadWarmup   7: 128 op, 671828500.00 ns, 5.2487 ms/op
WorkloadWarmup   8: 128 op, 609288500.00 ns, 4.7601 ms/op

// BeforeActualRun
WorkloadActual   1: 128 op, 619081900.00 ns, 4.8366 ms/op
WorkloadActual   2: 128 op, 647145800.00 ns, 5.0558 ms/op
WorkloadActual   3: 128 op, 682206100.00 ns, 5.3297 ms/op
WorkloadActual   4: 128 op, 668148000.00 ns, 5.2199 ms/op
WorkloadActual   5: 128 op, 640042100.00 ns, 5.0003 ms/op
WorkloadActual   6: 128 op, 639701400.00 ns, 4.9977 ms/op
WorkloadActual   7: 128 op, 634549400.00 ns, 4.9574 ms/op
WorkloadActual   8: 128 op, 619985300.00 ns, 4.8436 ms/op
WorkloadActual   9: 128 op, 646491900.00 ns, 5.0507 ms/op
WorkloadActual  10: 128 op, 698821800.00 ns, 5.4595 ms/op
WorkloadActual  11: 128 op, 625176600.00 ns, 4.8842 ms/op
WorkloadActual  12: 128 op, 662110200.00 ns, 5.1727 ms/op
WorkloadActual  13: 128 op, 626114200.00 ns, 4.8915 ms/op
WorkloadActual  14: 128 op, 684947200.00 ns, 5.3512 ms/op
WorkloadActual  15: 128 op, 655577900.00 ns, 5.1217 ms/op
WorkloadActual  16: 128 op, 804521600.00 ns, 6.2853 ms/op
WorkloadActual  17: 128 op, 644574600.00 ns, 5.0357 ms/op
WorkloadActual  18: 128 op, 690987200.00 ns, 5.3983 ms/op
WorkloadActual  19: 128 op, 692675700.00 ns, 5.4115 ms/op
WorkloadActual  20: 128 op, 661118500.00 ns, 5.1650 ms/op
WorkloadActual  21: 128 op, 657234000.00 ns, 5.1346 ms/op
WorkloadActual  22: 128 op, 683876600.00 ns, 5.3428 ms/op
WorkloadActual  23: 128 op, 689925800.00 ns, 5.3900 ms/op
WorkloadActual  24: 128 op, 643295800.00 ns, 5.0257 ms/op
WorkloadActual  25: 128 op, 623945100.00 ns, 4.8746 ms/op
WorkloadActual  26: 128 op, 654970700.00 ns, 5.1170 ms/op
WorkloadActual  27: 128 op, 693010400.00 ns, 5.4141 ms/op
WorkloadActual  28: 128 op, 651890300.00 ns, 5.0929 ms/op
WorkloadActual  29: 128 op, 900904000.00 ns, 7.0383 ms/op
WorkloadActual  30: 128 op, 1031713400.00 ns, 8.0603 ms/op
WorkloadActual  31: 128 op, 757057400.00 ns, 5.9145 ms/op
WorkloadActual  32: 128 op, 666648000.00 ns, 5.2082 ms/op
WorkloadActual  33: 128 op, 658959400.00 ns, 5.1481 ms/op
WorkloadActual  34: 128 op, 683416000.00 ns, 5.3392 ms/op
WorkloadActual  35: 128 op, 655249800.00 ns, 5.1191 ms/op
WorkloadActual  36: 128 op, 646250000.00 ns, 5.0488 ms/op
WorkloadActual  37: 128 op, 664937800.00 ns, 5.1948 ms/op
WorkloadActual  38: 128 op, 664960200.00 ns, 5.1950 ms/op
WorkloadActual  39: 128 op, 687614900.00 ns, 5.3720 ms/op
WorkloadActual  40: 128 op, 764980200.00 ns, 5.9764 ms/op
WorkloadActual  41: 128 op, 708595700.00 ns, 5.5359 ms/op
WorkloadActual  42: 128 op, 676864400.00 ns, 5.2880 ms/op
WorkloadActual  43: 128 op, 673513200.00 ns, 5.2618 ms/op
WorkloadActual  44: 128 op, 656967800.00 ns, 5.1326 ms/op
WorkloadActual  45: 128 op, 644806300.00 ns, 5.0375 ms/op

// AfterActualRun
WorkloadResult   1: 128 op, 619080900.00 ns, 4.8366 ms/op
WorkloadResult   2: 128 op, 647144800.00 ns, 5.0558 ms/op
WorkloadResult   3: 128 op, 682205100.00 ns, 5.3297 ms/op
WorkloadResult   4: 128 op, 668147000.00 ns, 5.2199 ms/op
WorkloadResult   5: 128 op, 640041100.00 ns, 5.0003 ms/op
WorkloadResult   6: 128 op, 639700400.00 ns, 4.9977 ms/op
WorkloadResult   7: 128 op, 634548400.00 ns, 4.9574 ms/op
WorkloadResult   8: 128 op, 619984300.00 ns, 4.8436 ms/op
WorkloadResult   9: 128 op, 646490900.00 ns, 5.0507 ms/op
WorkloadResult  10: 128 op, 698820800.00 ns, 5.4595 ms/op
WorkloadResult  11: 128 op, 625175600.00 ns, 4.8842 ms/op
WorkloadResult  12: 128 op, 662109200.00 ns, 5.1727 ms/op
WorkloadResult  13: 128 op, 626113200.00 ns, 4.8915 ms/op
WorkloadResult  14: 128 op, 684946200.00 ns, 5.3511 ms/op
WorkloadResult  15: 128 op, 655576900.00 ns, 5.1217 ms/op
WorkloadResult  16: 128 op, 644573600.00 ns, 5.0357 ms/op
WorkloadResult  17: 128 op, 690986200.00 ns, 5.3983 ms/op
WorkloadResult  18: 128 op, 692674700.00 ns, 5.4115 ms/op
WorkloadResult  19: 128 op, 661117500.00 ns, 5.1650 ms/op
WorkloadResult  20: 128 op, 657233000.00 ns, 5.1346 ms/op
WorkloadResult  21: 128 op, 683875600.00 ns, 5.3428 ms/op
WorkloadResult  22: 128 op, 689924800.00 ns, 5.3900 ms/op
WorkloadResult  23: 128 op, 643294800.00 ns, 5.0257 ms/op
WorkloadResult  24: 128 op, 623944100.00 ns, 4.8746 ms/op
WorkloadResult  25: 128 op, 654969700.00 ns, 5.1170 ms/op
WorkloadResult  26: 128 op, 693009400.00 ns, 5.4141 ms/op
WorkloadResult  27: 128 op, 651889300.00 ns, 5.0929 ms/op
WorkloadResult  28: 128 op, 666647000.00 ns, 5.2082 ms/op
WorkloadResult  29: 128 op, 658958400.00 ns, 5.1481 ms/op
WorkloadResult  30: 128 op, 683415000.00 ns, 5.3392 ms/op
WorkloadResult  31: 128 op, 655248800.00 ns, 5.1191 ms/op
WorkloadResult  32: 128 op, 646249000.00 ns, 5.0488 ms/op
WorkloadResult  33: 128 op, 664936800.00 ns, 5.1948 ms/op
WorkloadResult  34: 128 op, 664959200.00 ns, 5.1950 ms/op
WorkloadResult  35: 128 op, 687613900.00 ns, 5.3720 ms/op
WorkloadResult  36: 128 op, 708594700.00 ns, 5.5359 ms/op
WorkloadResult  37: 128 op, 676863400.00 ns, 5.2880 ms/op
WorkloadResult  38: 128 op, 673512200.00 ns, 5.2618 ms/op
WorkloadResult  39: 128 op, 656966800.00 ns, 5.1326 ms/op
WorkloadResult  40: 128 op, 644805300.00 ns, 5.0375 ms/op
// GC:  69 68 42 335950584 128
// Threading:  128 0 128

// AfterAll
// Benchmark Process 35344 has exited with code 0.

Mean = 5.161 ms, StdErr = 0.029 ms (0.56%), N = 40, StdDev = 0.183 ms
Min = 4.837 ms, Q1 = 5.037 ms, Median = 5.141 ms, Q3 = 5.332 ms, Max = 5.536 ms
IQR = 0.295 ms, LowerFence = 4.595 ms, UpperFence = 5.775 ms
ConfidenceInterval = [5.059 ms; 5.264 ms] (CI 99.9%), Margin = 0.103 ms (1.99% of Mean)
Skewness = 0.05, Kurtosis = 2.06, MValue = 2.29

// ** Remained 2 (14.3%) benchmark(s) to run. Estimated finish 2025-12-02 12:41 (0h 0m from now) **
Setup power plan (GUID: 8c5e7fda-e8bf-4a96-9a85-a6e23a8c635c FriendlyName: High performance)
// **************************
// Benchmark: SizeBenchmark.CalculateLargeObject: DefaultJob
// *** Execute ***
// Launch: 1 / 1
// Execute: dotnet a04e4e0f-9f33-49ff-adaf-06480d31a5c1.dll --anonymousPipes 1660 1316 --benchmarkName RapidStreamer.UnitTests.SizeBenchmark.CalculateLargeObject --job Default --benchmarkId 12 in C:\Users\Kiarash\RiderProjects\RapidStreamer.BuildingBlocks\Tests\RapidStreamer.UnitTests\bin\Release\net10.0\a04e4e0f-9f33-49ff-adaf-06480d31a5c1\bin\Release\net10.0
// BeforeAnythingElse

// Benchmark Process Environment Information:
// BenchmarkDotNet v0.14.0
// Runtime=.NET 10.0.0 (10.0.25.52411), X64 RyuJIT AVX-512F+CD+BW+DQ+VL+VBMI
// GC=Concurrent Workstation
// HardwareIntrinsics=AVX-512F+CD+BW+DQ+VL+VBMI,AES,BMI1,BMI2,FMA,LZCNT,PCLMUL,POPCNT VectorSize=256
// Job: DefaultJob

OverheadJitting  1: 1 op, 1237700.00 ns, 1.2377 ms/op
WorkloadJitting  1: 1 op, 41257200.00 ns, 41.2572 ms/op

WorkloadPilot    1: 2 op, 8810500.00 ns, 4.4053 ms/op
WorkloadPilot    2: 3 op, 14155000.00 ns, 4.7183 ms/op
WorkloadPilot    3: 4 op, 17612700.00 ns, 4.4032 ms/op
WorkloadPilot    4: 5 op, 31282100.00 ns, 6.2564 ms/op
WorkloadPilot    5: 6 op, 35394500.00 ns, 5.8991 ms/op
WorkloadPilot    6: 7 op, 41686200.00 ns, 5.9552 ms/op
WorkloadPilot    7: 8 op, 44526700.00 ns, 5.5658 ms/op
WorkloadPilot    8: 9 op, 43240500.00 ns, 4.8045 ms/op
WorkloadPilot    9: 10 op, 69764000.00 ns, 6.9764 ms/op
WorkloadPilot   10: 11 op, 81249200.00 ns, 7.3863 ms/op
WorkloadPilot   11: 12 op, 91017400.00 ns, 7.5848 ms/op
WorkloadPilot   12: 13 op, 79041600.00 ns, 6.0801 ms/op
WorkloadPilot   13: 14 op, 71734900.00 ns, 5.1239 ms/op
WorkloadPilot   14: 15 op, 74785200.00 ns, 4.9857 ms/op
WorkloadPilot   15: 16 op, 89557900.00 ns, 5.5974 ms/op
WorkloadPilot   16: 32 op, 197972700.00 ns, 6.1866 ms/op
WorkloadPilot   17: 64 op, 392140600.00 ns, 6.1272 ms/op
WorkloadPilot   18: 128 op, 638081000.00 ns, 4.9850 ms/op

WorkloadWarmup   1: 128 op, 635437900.00 ns, 4.9644 ms/op
WorkloadWarmup   2: 128 op, 691393400.00 ns, 5.4015 ms/op
WorkloadWarmup   3: 128 op, 683182900.00 ns, 5.3374 ms/op
WorkloadWarmup   4: 128 op, 641115900.00 ns, 5.0087 ms/op
WorkloadWarmup   5: 128 op, 624809200.00 ns, 4.8813 ms/op
WorkloadWarmup   6: 128 op, 672569800.00 ns, 5.2545 ms/op
WorkloadWarmup   7: 128 op, 613197100.00 ns, 4.7906 ms/op

// BeforeActualRun
WorkloadActual   1: 128 op, 641430800.00 ns, 5.0112 ms/op
WorkloadActual   2: 128 op, 653064600.00 ns, 5.1021 ms/op
WorkloadActual   3: 128 op, 626274800.00 ns, 4.8928 ms/op
WorkloadActual   4: 128 op, 612484900.00 ns, 4.7850 ms/op
WorkloadActual   5: 128 op, 628573200.00 ns, 4.9107 ms/op
WorkloadActual   6: 128 op, 634953700.00 ns, 4.9606 ms/op
WorkloadActual   7: 128 op, 693083900.00 ns, 5.4147 ms/op
WorkloadActual   8: 128 op, 665014100.00 ns, 5.1954 ms/op
WorkloadActual   9: 128 op, 662528000.00 ns, 5.1760 ms/op
WorkloadActual  10: 128 op, 639734200.00 ns, 4.9979 ms/op
WorkloadActual  11: 128 op, 652889500.00 ns, 5.1007 ms/op
WorkloadActual  12: 128 op, 632458500.00 ns, 4.9411 ms/op
WorkloadActual  13: 128 op, 644924200.00 ns, 5.0385 ms/op
WorkloadActual  14: 128 op, 618652100.00 ns, 4.8332 ms/op
WorkloadActual  15: 128 op, 702784500.00 ns, 5.4905 ms/op
WorkloadActual  16: 128 op, 631000800.00 ns, 4.9297 ms/op
WorkloadActual  17: 128 op, 651806300.00 ns, 5.0922 ms/op
WorkloadActual  18: 128 op, 680180900.00 ns, 5.3139 ms/op
WorkloadActual  19: 128 op, 628424600.00 ns, 4.9096 ms/op
WorkloadActual  20: 128 op, 643587000.00 ns, 5.0280 ms/op
WorkloadActual  21: 128 op, 629853200.00 ns, 4.9207 ms/op
WorkloadActual  22: 128 op, 609196100.00 ns, 4.7593 ms/op
WorkloadActual  23: 128 op, 653975300.00 ns, 5.1092 ms/op
WorkloadActual  24: 128 op, 645384500.00 ns, 5.0421 ms/op
WorkloadActual  25: 128 op, 638409800.00 ns, 4.9876 ms/op
WorkloadActual  26: 128 op, 723372400.00 ns, 5.6513 ms/op
WorkloadActual  27: 128 op, 690186100.00 ns, 5.3921 ms/op
WorkloadActual  28: 128 op, 649164100.00 ns, 5.0716 ms/op
WorkloadActual  29: 128 op, 645018400.00 ns, 5.0392 ms/op

// AfterActualRun
WorkloadResult   1: 128 op, 641430800.00 ns, 5.0112 ms/op
WorkloadResult   2: 128 op, 653064600.00 ns, 5.1021 ms/op
WorkloadResult   3: 128 op, 626274800.00 ns, 4.8928 ms/op
WorkloadResult   4: 128 op, 612484900.00 ns, 4.7850 ms/op
WorkloadResult   5: 128 op, 628573200.00 ns, 4.9107 ms/op
WorkloadResult   6: 128 op, 634953700.00 ns, 4.9606 ms/op
WorkloadResult   7: 128 op, 665014100.00 ns, 5.1954 ms/op
WorkloadResult   8: 128 op, 662528000.00 ns, 5.1760 ms/op
WorkloadResult   9: 128 op, 639734200.00 ns, 4.9979 ms/op
WorkloadResult  10: 128 op, 652889500.00 ns, 5.1007 ms/op
WorkloadResult  11: 128 op, 632458500.00 ns, 4.9411 ms/op
WorkloadResult  12: 128 op, 644924200.00 ns, 5.0385 ms/op
WorkloadResult  13: 128 op, 618652100.00 ns, 4.8332 ms/op
WorkloadResult  14: 128 op, 631000800.00 ns, 4.9297 ms/op
WorkloadResult  15: 128 op, 651806300.00 ns, 5.0922 ms/op
WorkloadResult  16: 128 op, 680180900.00 ns, 5.3139 ms/op
WorkloadResult  17: 128 op, 628424600.00 ns, 4.9096 ms/op
WorkloadResult  18: 128 op, 643587000.00 ns, 5.0280 ms/op
WorkloadResult  19: 128 op, 629853200.00 ns, 4.9207 ms/op
WorkloadResult  20: 128 op, 609196100.00 ns, 4.7593 ms/op
WorkloadResult  21: 128 op, 653975300.00 ns, 5.1092 ms/op
WorkloadResult  22: 128 op, 645384500.00 ns, 5.0421 ms/op
WorkloadResult  23: 128 op, 638409800.00 ns, 4.9876 ms/op
WorkloadResult  24: 128 op, 649164100.00 ns, 5.0716 ms/op
WorkloadResult  25: 128 op, 645018400.00 ns, 5.0392 ms/op
// GC:  69 68 42 335991360 128
// Threading:  128 0 128

// AfterAll
// Benchmark Process 32512 has exited with code 0.

Mean = 5.006 ms, StdErr = 0.026 ms (0.51%), N = 25, StdDev = 0.128 ms
Min = 4.759 ms, Q1 = 4.921 ms, Median = 5.011 ms, Q3 = 5.092 ms, Max = 5.314 ms
IQR = 0.172 ms, LowerFence = 4.663 ms, UpperFence = 5.349 ms
ConfidenceInterval = [4.910 ms; 5.102 ms] (CI 99.9%), Margin = 0.096 ms (1.92% of Mean)
Skewness = 0.18, Kurtosis = 2.79, MValue = 2

// ** Remained 1 (7.1%) benchmark(s) to run. Estimated finish 2025-12-02 12:40 (0h 0m from now) **
Setup power plan (GUID: 8c5e7fda-e8bf-4a96-9a85-a6e23a8c635c FriendlyName: High performance)
// **************************
// Benchmark: SizeBenchmark.CalculateLargeObjectList: DefaultJob
// *** Execute ***
// Launch: 1 / 1
// Execute: dotnet a04e4e0f-9f33-49ff-adaf-06480d31a5c1.dll --anonymousPipes 1512 1548 --benchmarkName RapidStreamer.UnitTests.SizeBenchmark.CalculateLargeObjectList --job Default --benchmarkId 13 in C:\Users\Kiarash\RiderProjects\RapidStreamer.BuildingBlocks\Tests\RapidStreamer.UnitTests\bin\Release\net10.0\a04e4e0f-9f33-49ff-adaf-06480d31a5c1\bin\Release\net10.0
// BeforeAnythingElse

// Benchmark Process Environment Information:
// BenchmarkDotNet v0.14.0
// Runtime=.NET 10.0.0 (10.0.25.52411), X64 RyuJIT AVX-512F+CD+BW+DQ+VL+VBMI
// GC=Concurrent Workstation
// HardwareIntrinsics=AVX-512F+CD+BW+DQ+VL+VBMI,AES,BMI1,BMI2,FMA,LZCNT,PCLMUL,POPCNT VectorSize=256
// Job: DefaultJob

OverheadJitting  1: 1 op, 735300.00 ns, 735.3000 us/op
WorkloadJitting  1: 1 op, 31683200.00 ns, 31.6832 ms/op

OverheadJitting  2: 16 op, 465000.00 ns, 29.0625 us/op
WorkloadJitting  2: 16 op, 59553000.00 ns, 3.7221 ms/op

WorkloadPilot    1: 16 op, 52145400.00 ns, 3.2591 ms/op
WorkloadPilot    2: 32 op, 117726800.00 ns, 3.6790 ms/op
WorkloadPilot    3: 64 op, 278270500.00 ns, 4.3480 ms/op
WorkloadPilot    4: 128 op, 493220100.00 ns, 3.8533 ms/op
WorkloadPilot    5: 256 op, 806121700.00 ns, 3.1489 ms/op

OverheadWarmup   1: 256 op, 3000.00 ns, 11.7188 ns/op
OverheadWarmup   2: 256 op, 1600.00 ns, 6.2500 ns/op
OverheadWarmup   3: 256 op, 1600.00 ns, 6.2500 ns/op
OverheadWarmup   4: 256 op, 1300.00 ns, 5.0781 ns/op
OverheadWarmup   5: 256 op, 1300.00 ns, 5.0781 ns/op
OverheadWarmup   6: 256 op, 1200.00 ns, 4.6875 ns/op

OverheadActual   1: 256 op, 1200.00 ns, 4.6875 ns/op
OverheadActual   2: 256 op, 2500.00 ns, 9.7656 ns/op
OverheadActual   3: 256 op, 2100.00 ns, 8.2031 ns/op
OverheadActual   4: 256 op, 1700.00 ns, 6.6406 ns/op
OverheadActual   5: 256 op, 1900.00 ns, 7.4219 ns/op
OverheadActual   6: 256 op, 1900.00 ns, 7.4219 ns/op
OverheadActual   7: 256 op, 1800.00 ns, 7.0313 ns/op
OverheadActual   8: 256 op, 1400.00 ns, 5.4688 ns/op
OverheadActual   9: 256 op, 1800.00 ns, 7.0313 ns/op
OverheadActual  10: 256 op, 1400.00 ns, 5.4688 ns/op
OverheadActual  11: 256 op, 2300.00 ns, 8.9844 ns/op
OverheadActual  12: 256 op, 1700.00 ns, 6.6406 ns/op
OverheadActual  13: 256 op, 1300.00 ns, 5.0781 ns/op
OverheadActual  14: 256 op, 1200.00 ns, 4.6875 ns/op
OverheadActual  15: 256 op, 1200.00 ns, 4.6875 ns/op
OverheadActual  16: 256 op, 1300.00 ns, 5.0781 ns/op
OverheadActual  17: 256 op, 2200.00 ns, 8.5938 ns/op
OverheadActual  18: 256 op, 1900.00 ns, 7.4219 ns/op
OverheadActual  19: 256 op, 2000.00 ns, 7.8125 ns/op
OverheadActual  20: 256 op, 1700.00 ns, 6.6406 ns/op

WorkloadWarmup   1: 256 op, 741677600.00 ns, 2.8972 ms/op
WorkloadWarmup   2: 256 op, 716181600.00 ns, 2.7976 ms/op
WorkloadWarmup   3: 256 op, 696115600.00 ns, 2.7192 ms/op
WorkloadWarmup   4: 256 op, 642213800.00 ns, 2.5086 ms/op
WorkloadWarmup   5: 256 op, 663409400.00 ns, 2.5914 ms/op
WorkloadWarmup   6: 256 op, 667711900.00 ns, 2.6082 ms/op
WorkloadWarmup   7: 256 op, 672555600.00 ns, 2.6272 ms/op
WorkloadWarmup   8: 256 op, 658993300.00 ns, 2.5742 ms/op
WorkloadWarmup   9: 256 op, 647810800.00 ns, 2.5305 ms/op
WorkloadWarmup  10: 256 op, 633082900.00 ns, 2.4730 ms/op
WorkloadWarmup  11: 256 op, 649884600.00 ns, 2.5386 ms/op
WorkloadWarmup  12: 256 op, 704287600.00 ns, 2.7511 ms/op
WorkloadWarmup  13: 256 op, 754330200.00 ns, 2.9466 ms/op
WorkloadWarmup  14: 256 op, 748047800.00 ns, 2.9221 ms/op

// BeforeActualRun
WorkloadActual   1: 256 op, 915299200.00 ns, 3.5754 ms/op
WorkloadActual   2: 256 op, 795118200.00 ns, 3.1059 ms/op
WorkloadActual   3: 256 op, 853341700.00 ns, 3.3334 ms/op
WorkloadActual   4: 256 op, 678202100.00 ns, 2.6492 ms/op
WorkloadActual   5: 256 op, 671866300.00 ns, 2.6245 ms/op
WorkloadActual   6: 256 op, 623493900.00 ns, 2.4355 ms/op
WorkloadActual   7: 256 op, 659945900.00 ns, 2.5779 ms/op
WorkloadActual   8: 256 op, 650578400.00 ns, 2.5413 ms/op
WorkloadActual   9: 256 op, 683629900.00 ns, 2.6704 ms/op
WorkloadActual  10: 256 op, 722678100.00 ns, 2.8230 ms/op
WorkloadActual  11: 256 op, 669730600.00 ns, 2.6161 ms/op
WorkloadActual  12: 256 op, 702277300.00 ns, 2.7433 ms/op
WorkloadActual  13: 256 op, 665477500.00 ns, 2.5995 ms/op
WorkloadActual  14: 256 op, 708288000.00 ns, 2.7668 ms/op
WorkloadActual  15: 256 op, 690361900.00 ns, 2.6967 ms/op
WorkloadActual  16: 256 op, 677644000.00 ns, 2.6470 ms/op
WorkloadActual  17: 256 op, 713646800.00 ns, 2.7877 ms/op
WorkloadActual  18: 256 op, 651143800.00 ns, 2.5435 ms/op
WorkloadActual  19: 256 op, 798948100.00 ns, 3.1209 ms/op
WorkloadActual  20: 256 op, 947058300.00 ns, 3.6994 ms/op
WorkloadActual  21: 256 op, 912038700.00 ns, 3.5627 ms/op
WorkloadActual  22: 256 op, 691409800.00 ns, 2.7008 ms/op
WorkloadActual  23: 256 op, 724837500.00 ns, 2.8314 ms/op
WorkloadActual  24: 256 op, 1001653700.00 ns, 3.9127 ms/op
WorkloadActual  25: 256 op, 735841700.00 ns, 2.8744 ms/op
WorkloadActual  26: 256 op, 721564000.00 ns, 2.8186 ms/op
WorkloadActual  27: 256 op, 729161500.00 ns, 2.8483 ms/op
WorkloadActual  28: 256 op, 677755300.00 ns, 2.6475 ms/op
WorkloadActual  29: 256 op, 762145500.00 ns, 2.9771 ms/op
WorkloadActual  30: 256 op, 702992600.00 ns, 2.7461 ms/op
WorkloadActual  31: 256 op, 701343400.00 ns, 2.7396 ms/op
WorkloadActual  32: 256 op, 750996200.00 ns, 2.9336 ms/op
WorkloadActual  33: 256 op, 756529000.00 ns, 2.9552 ms/op
WorkloadActual  34: 256 op, 749013100.00 ns, 2.9258 ms/op
WorkloadActual  35: 256 op, 706893300.00 ns, 2.7613 ms/op
WorkloadActual  36: 256 op, 699033600.00 ns, 2.7306 ms/op
WorkloadActual  37: 256 op, 685307000.00 ns, 2.6770 ms/op
WorkloadActual  38: 256 op, 669772200.00 ns, 2.6163 ms/op
WorkloadActual  39: 256 op, 719263200.00 ns, 2.8096 ms/op
WorkloadActual  40: 256 op, 683122200.00 ns, 2.6684 ms/op
WorkloadActual  41: 256 op, 684170400.00 ns, 2.6725 ms/op
WorkloadActual  42: 256 op, 725842500.00 ns, 2.8353 ms/op
WorkloadActual  43: 256 op, 685283100.00 ns, 2.6769 ms/op
WorkloadActual  44: 256 op, 725552600.00 ns, 2.8342 ms/op
WorkloadActual  45: 256 op, 755135500.00 ns, 2.9497 ms/op
WorkloadActual  46: 256 op, 830417800.00 ns, 3.2438 ms/op
WorkloadActual  47: 256 op, 713707900.00 ns, 2.7879 ms/op
WorkloadActual  48: 256 op, 699656500.00 ns, 2.7330 ms/op
WorkloadActual  49: 256 op, 705683000.00 ns, 2.7566 ms/op
WorkloadActual  50: 256 op, 758397800.00 ns, 2.9625 ms/op
WorkloadActual  51: 256 op, 738047700.00 ns, 2.8830 ms/op
WorkloadActual  52: 256 op, 809620800.00 ns, 3.1626 ms/op
WorkloadActual  53: 256 op, 1170915200.00 ns, 4.5739 ms/op
WorkloadActual  54: 256 op, 892297200.00 ns, 3.4855 ms/op
WorkloadActual  55: 256 op, 732684400.00 ns, 2.8620 ms/op
WorkloadActual  56: 256 op, 775749500.00 ns, 3.0303 ms/op
WorkloadActual  57: 256 op, 715573200.00 ns, 2.7952 ms/op
WorkloadActual  58: 256 op, 752258400.00 ns, 2.9385 ms/op
WorkloadActual  59: 256 op, 739639700.00 ns, 2.8892 ms/op
WorkloadActual  60: 256 op, 735305000.00 ns, 2.8723 ms/op
WorkloadActual  61: 256 op, 728722600.00 ns, 2.8466 ms/op
WorkloadActual  62: 256 op, 702093600.00 ns, 2.7426 ms/op
WorkloadActual  63: 256 op, 714188100.00 ns, 2.7898 ms/op
WorkloadActual  64: 256 op, 730640800.00 ns, 2.8541 ms/op
WorkloadActual  65: 256 op, 858459800.00 ns, 3.3534 ms/op
WorkloadActual  66: 256 op, 704248500.00 ns, 2.7510 ms/op
WorkloadActual  67: 256 op, 700238400.00 ns, 2.7353 ms/op
WorkloadActual  68: 256 op, 775085200.00 ns, 3.0277 ms/op
WorkloadActual  69: 256 op, 742327700.00 ns, 2.8997 ms/op
WorkloadActual  70: 256 op, 701363400.00 ns, 2.7397 ms/op
WorkloadActual  71: 256 op, 753513700.00 ns, 2.9434 ms/op
WorkloadActual  72: 256 op, 761873700.00 ns, 2.9761 ms/op
WorkloadActual  73: 256 op, 773115200.00 ns, 3.0200 ms/op
WorkloadActual  74: 256 op, 785395800.00 ns, 3.0680 ms/op
WorkloadActual  75: 256 op, 847385500.00 ns, 3.3101 ms/op
WorkloadActual  76: 256 op, 744243100.00 ns, 2.9072 ms/op
WorkloadActual  77: 256 op, 694952300.00 ns, 2.7147 ms/op
WorkloadActual  78: 256 op, 666834500.00 ns, 2.6048 ms/op
WorkloadActual  79: 256 op, 692024400.00 ns, 2.7032 ms/op
WorkloadActual  80: 256 op, 799664300.00 ns, 3.1237 ms/op
WorkloadActual  81: 256 op, 920695100.00 ns, 3.5965 ms/op
WorkloadActual  82: 256 op, 757401000.00 ns, 2.9586 ms/op
WorkloadActual  83: 256 op, 689681400.00 ns, 2.6941 ms/op
WorkloadActual  84: 256 op, 709352200.00 ns, 2.7709 ms/op
WorkloadActual  85: 256 op, 721684600.00 ns, 2.8191 ms/op
WorkloadActual  86: 256 op, 702867700.00 ns, 2.7456 ms/op
WorkloadActual  87: 256 op, 756177200.00 ns, 2.9538 ms/op
WorkloadActual  88: 256 op, 763595500.00 ns, 2.9828 ms/op
WorkloadActual  89: 256 op, 695123500.00 ns, 2.7153 ms/op
WorkloadActual  90: 256 op, 777977900.00 ns, 3.0390 ms/op
WorkloadActual  91: 256 op, 705250400.00 ns, 2.7549 ms/op
WorkloadActual  92: 256 op, 805599400.00 ns, 3.1469 ms/op
WorkloadActual  93: 256 op, 764254200.00 ns, 2.9854 ms/op
WorkloadActual  94: 256 op, 749268500.00 ns, 2.9268 ms/op
WorkloadActual  95: 256 op, 721922300.00 ns, 2.8200 ms/op
WorkloadActual  96: 256 op, 946373500.00 ns, 3.6968 ms/op
WorkloadActual  97: 256 op, 753644100.00 ns, 2.9439 ms/op
WorkloadActual  98: 256 op, 735632500.00 ns, 2.8736 ms/op
WorkloadActual  99: 256 op, 733731100.00 ns, 2.8661 ms/op
WorkloadActual  100: 256 op, 711962200.00 ns, 2.7811 ms/op

// AfterActualRun
WorkloadResult   1: 256 op, 795116450.00 ns, 3.1059 ms/op
WorkloadResult   2: 256 op, 853339950.00 ns, 3.3334 ms/op
WorkloadResult   3: 256 op, 678200350.00 ns, 2.6492 ms/op
WorkloadResult   4: 256 op, 671864550.00 ns, 2.6245 ms/op
WorkloadResult   5: 256 op, 623492150.00 ns, 2.4355 ms/op
WorkloadResult   6: 256 op, 659944150.00 ns, 2.5779 ms/op
WorkloadResult   7: 256 op, 650576650.00 ns, 2.5413 ms/op
WorkloadResult   8: 256 op, 683628150.00 ns, 2.6704 ms/op
WorkloadResult   9: 256 op, 722676350.00 ns, 2.8230 ms/op
WorkloadResult  10: 256 op, 669728850.00 ns, 2.6161 ms/op
WorkloadResult  11: 256 op, 702275550.00 ns, 2.7433 ms/op
WorkloadResult  12: 256 op, 665475750.00 ns, 2.5995 ms/op
WorkloadResult  13: 256 op, 708286250.00 ns, 2.7667 ms/op
WorkloadResult  14: 256 op, 690360150.00 ns, 2.6967 ms/op
WorkloadResult  15: 256 op, 677642250.00 ns, 2.6470 ms/op
WorkloadResult  16: 256 op, 713645050.00 ns, 2.7877 ms/op
WorkloadResult  17: 256 op, 651142050.00 ns, 2.5435 ms/op
WorkloadResult  18: 256 op, 798946350.00 ns, 3.1209 ms/op
WorkloadResult  19: 256 op, 691408050.00 ns, 2.7008 ms/op
WorkloadResult  20: 256 op, 724835750.00 ns, 2.8314 ms/op
WorkloadResult  21: 256 op, 735839950.00 ns, 2.8744 ms/op
WorkloadResult  22: 256 op, 721562250.00 ns, 2.8186 ms/op
WorkloadResult  23: 256 op, 729159750.00 ns, 2.8483 ms/op
WorkloadResult  24: 256 op, 677753550.00 ns, 2.6475 ms/op
WorkloadResult  25: 256 op, 762143750.00 ns, 2.9771 ms/op
WorkloadResult  26: 256 op, 702990850.00 ns, 2.7461 ms/op
WorkloadResult  27: 256 op, 701341650.00 ns, 2.7396 ms/op
WorkloadResult  28: 256 op, 750994450.00 ns, 2.9336 ms/op
WorkloadResult  29: 256 op, 756527250.00 ns, 2.9552 ms/op
WorkloadResult  30: 256 op, 749011350.00 ns, 2.9258 ms/op
WorkloadResult  31: 256 op, 706891550.00 ns, 2.7613 ms/op
WorkloadResult  32: 256 op, 699031850.00 ns, 2.7306 ms/op
WorkloadResult  33: 256 op, 685305250.00 ns, 2.6770 ms/op
WorkloadResult  34: 256 op, 669770450.00 ns, 2.6163 ms/op
WorkloadResult  35: 256 op, 719261450.00 ns, 2.8096 ms/op
WorkloadResult  36: 256 op, 683120450.00 ns, 2.6684 ms/op
WorkloadResult  37: 256 op, 684168650.00 ns, 2.6725 ms/op
WorkloadResult  38: 256 op, 725840750.00 ns, 2.8353 ms/op
WorkloadResult  39: 256 op, 685281350.00 ns, 2.6769 ms/op
WorkloadResult  40: 256 op, 725550850.00 ns, 2.8342 ms/op
WorkloadResult  41: 256 op, 755133750.00 ns, 2.9497 ms/op
WorkloadResult  42: 256 op, 830416050.00 ns, 3.2438 ms/op
WorkloadResult  43: 256 op, 713706150.00 ns, 2.7879 ms/op
WorkloadResult  44: 256 op, 699654750.00 ns, 2.7330 ms/op
WorkloadResult  45: 256 op, 705681250.00 ns, 2.7566 ms/op
WorkloadResult  46: 256 op, 758396050.00 ns, 2.9625 ms/op
WorkloadResult  47: 256 op, 738045950.00 ns, 2.8830 ms/op
WorkloadResult  48: 256 op, 809619050.00 ns, 3.1626 ms/op
WorkloadResult  49: 256 op, 732682650.00 ns, 2.8620 ms/op
WorkloadResult  50: 256 op, 775747750.00 ns, 3.0303 ms/op
WorkloadResult  51: 256 op, 715571450.00 ns, 2.7952 ms/op
WorkloadResult  52: 256 op, 752256650.00 ns, 2.9385 ms/op
WorkloadResult  53: 256 op, 739637950.00 ns, 2.8892 ms/op
WorkloadResult  54: 256 op, 735303250.00 ns, 2.8723 ms/op
WorkloadResult  55: 256 op, 728720850.00 ns, 2.8466 ms/op
WorkloadResult  56: 256 op, 702091850.00 ns, 2.7425 ms/op
WorkloadResult  57: 256 op, 714186350.00 ns, 2.7898 ms/op
WorkloadResult  58: 256 op, 730639050.00 ns, 2.8541 ms/op
WorkloadResult  59: 256 op, 704246750.00 ns, 2.7510 ms/op
WorkloadResult  60: 256 op, 700236650.00 ns, 2.7353 ms/op
WorkloadResult  61: 256 op, 775083450.00 ns, 3.0277 ms/op
WorkloadResult  62: 256 op, 742325950.00 ns, 2.8997 ms/op
WorkloadResult  63: 256 op, 701361650.00 ns, 2.7397 ms/op
WorkloadResult  64: 256 op, 753511950.00 ns, 2.9434 ms/op
WorkloadResult  65: 256 op, 761871950.00 ns, 2.9761 ms/op
WorkloadResult  66: 256 op, 773113450.00 ns, 3.0200 ms/op
WorkloadResult  67: 256 op, 785394050.00 ns, 3.0679 ms/op
WorkloadResult  68: 256 op, 847383750.00 ns, 3.3101 ms/op
WorkloadResult  69: 256 op, 744241350.00 ns, 2.9072 ms/op
WorkloadResult  70: 256 op, 694950550.00 ns, 2.7147 ms/op
WorkloadResult  71: 256 op, 666832750.00 ns, 2.6048 ms/op
WorkloadResult  72: 256 op, 692022650.00 ns, 2.7032 ms/op
WorkloadResult  73: 256 op, 799662550.00 ns, 3.1237 ms/op
WorkloadResult  74: 256 op, 757399250.00 ns, 2.9586 ms/op
WorkloadResult  75: 256 op, 689679650.00 ns, 2.6941 ms/op
WorkloadResult  76: 256 op, 709350450.00 ns, 2.7709 ms/op
WorkloadResult  77: 256 op, 721682850.00 ns, 2.8191 ms/op
WorkloadResult  78: 256 op, 702865950.00 ns, 2.7456 ms/op
WorkloadResult  79: 256 op, 756175450.00 ns, 2.9538 ms/op
WorkloadResult  80: 256 op, 763593750.00 ns, 2.9828 ms/op
WorkloadResult  81: 256 op, 695121750.00 ns, 2.7153 ms/op
WorkloadResult  82: 256 op, 777976150.00 ns, 3.0390 ms/op
WorkloadResult  83: 256 op, 705248650.00 ns, 2.7549 ms/op
WorkloadResult  84: 256 op, 805597650.00 ns, 3.1469 ms/op
WorkloadResult  85: 256 op, 764252450.00 ns, 2.9854 ms/op
WorkloadResult  86: 256 op, 749266750.00 ns, 2.9268 ms/op
WorkloadResult  87: 256 op, 721920550.00 ns, 2.8200 ms/op
WorkloadResult  88: 256 op, 753642350.00 ns, 2.9439 ms/op
WorkloadResult  89: 256 op, 735630750.00 ns, 2.8736 ms/op
WorkloadResult  90: 256 op, 733729350.00 ns, 2.8661 ms/op
WorkloadResult  91: 256 op, 711960450.00 ns, 2.7811 ms/op
// GC:  110 109 84 487548504 256
// Threading:  256 0 256

// AfterAll
// Benchmark Process 32056 has exited with code 0.

Mean = 2.835 ms, StdErr = 0.018 ms (0.63%), N = 91, StdDev = 0.171 ms
Min = 2.436 ms, Q1 = 2.723 ms, Median = 2.819 ms, Q3 = 2.944 ms, Max = 3.333 ms
IQR = 0.221 ms, LowerFence = 2.392 ms, UpperFence = 3.275 ms
ConfidenceInterval = [2.774 ms; 2.896 ms] (CI 99.9%), Margin = 0.061 ms (2.16% of Mean)
Skewness = 0.55, Kurtosis = 3.31, MValue = 2

// ** Remained 0 (0.0%) benchmark(s) to run. Estimated finish 2025-12-02 12:41 (0h 0m from now) **
Successfully reverted power plan (GUID: 381b4222-f694-41f0-9685-ff5bb260df2e FriendlyName: Balanced)
// ***** BenchmarkRunner: Finish  *****

// * Export *
  BenchmarkDotNet.Artifacts\results\RapidStreamer.UnitTests.SizeBenchmark-report.csv
  BenchmarkDotNet.Artifacts\results\RapidStreamer.UnitTests.SizeBenchmark-report-github.md
  BenchmarkDotNet.Artifacts\results\RapidStreamer.UnitTests.SizeBenchmark-report.html

// * Detailed results *
SizeBenchmark.CalculateLargeList: DefaultJob
Runtime = .NET 10.0.0 (10.0.25.52411), X64 RyuJIT AVX-512F+CD+BW+DQ+VL+VBMI; GC = Concurrent Workstation
Mean = 1.665 μs, StdErr = 0.009 μs (0.54%), N = 27, StdDev = 0.046 μs
Min = 1.608 μs, Q1 = 1.631 μs, Median = 1.652 μs, Q3 = 1.685 μs, Max = 1.783 μs
IQR = 0.054 μs, LowerFence = 1.549 μs, UpperFence = 1.766 μs
ConfidenceInterval = [1.632 μs; 1.698 μs] (CI 99.9%), Margin = 0.033 μs (1.98% of Mean)
Skewness = 0.79, Kurtosis = 2.81, MValue = 2
-------------------- Histogram --------------------
[1.608 μs ; 1.648 μs) | @@@@@@@@@@@@@
[1.648 μs ; 1.709 μs) | @@@@@@@@@@
[1.709 μs ; 1.763 μs) | @@@
[1.763 μs ; 1.804 μs) | @
---------------------------------------------------

SizeBenchmark.CalculateLargeArray: DefaultJob
Runtime = .NET 10.0.0 (10.0.25.52411), X64 RyuJIT AVX-512F+CD+BW+DQ+VL+VBMI; GC = Concurrent Workstation
Mean = 1.319 μs, StdErr = 0.006 μs (0.46%), N = 24, StdDev = 0.030 μs
Min = 1.246 μs, Q1 = 1.305 μs, Median = 1.320 μs, Q3 = 1.332 μs, Max = 1.396 μs
IQR = 0.027 μs, LowerFence = 1.265 μs, UpperFence = 1.372 μs
ConfidenceInterval = [1.296 μs; 1.342 μs] (CI 99.9%), Margin = 0.023 μs (1.73% of Mean)
Skewness = -0.04, Kurtosis = 4, MValue = 2
-------------------- Histogram --------------------
[1.243 μs ; 1.270 μs) | @@
[1.270 μs ; 1.305 μs) | @@@@
[1.305 μs ; 1.333 μs) | @@@@@@@@@@@@
[1.333 μs ; 1.409 μs) | @@@@@@
---------------------------------------------------

SizeBenchmark.CalculateLargeDict: DefaultJob
Runtime = .NET 10.0.0 (10.0.25.52411), X64 RyuJIT AVX-512F+CD+BW+DQ+VL+VBMI; GC = Concurrent Workstation
Mean = 5.161 ms, StdErr = 0.029 ms (0.56%), N = 40, StdDev = 0.183 ms
Min = 4.837 ms, Q1 = 5.037 ms, Median = 5.141 ms, Q3 = 5.332 ms, Max = 5.536 ms
IQR = 0.295 ms, LowerFence = 4.595 ms, UpperFence = 5.775 ms
ConfidenceInterval = [5.059 ms; 5.264 ms] (CI 99.9%), Margin = 0.103 ms (1.99% of Mean)
Skewness = 0.05, Kurtosis = 2.06, MValue = 2.29
-------------------- Histogram --------------------
[4.827 ms ; 4.967 ms) | @@@@@@
[4.967 ms ; 5.136 ms) | @@@@@@@@@@@@@@
[5.136 ms ; 5.281 ms) | @@@@@@@@
[5.281 ms ; 5.421 ms) | @@@@@@@@@@
[5.421 ms ; 5.568 ms) | @@
---------------------------------------------------

SizeBenchmark.CalculateLargeObject: DefaultJob
Runtime = .NET 10.0.0 (10.0.25.52411), X64 RyuJIT AVX-512F+CD+BW+DQ+VL+VBMI; GC = Concurrent Workstation
Mean = 5.006 ms, StdErr = 0.026 ms (0.51%), N = 25, StdDev = 0.128 ms
Min = 4.759 ms, Q1 = 4.921 ms, Median = 5.011 ms, Q3 = 5.092 ms, Max = 5.314 ms
IQR = 0.172 ms, LowerFence = 4.663 ms, UpperFence = 5.349 ms
ConfidenceInterval = [4.910 ms; 5.102 ms] (CI 99.9%), Margin = 0.096 ms (1.92% of Mean)
Skewness = 0.18, Kurtosis = 2.79, MValue = 2
-------------------- Histogram --------------------
[4.739 ms ; 4.854 ms) | @@@
[4.854 ms ; 4.996 ms) | @@@@@@@@
[4.996 ms ; 5.111 ms) | @@@@@@@@@@@
[5.111 ms ; 5.243 ms) | @@
[5.243 ms ; 5.371 ms) | @
---------------------------------------------------

SizeBenchmark.CalculateLargeObjectList: DefaultJob
Runtime = .NET 10.0.0 (10.0.25.52411), X64 RyuJIT AVX-512F+CD+BW+DQ+VL+VBMI; GC = Concurrent Workstation
Mean = 2.835 ms, StdErr = 0.018 ms (0.63%), N = 91, StdDev = 0.171 ms
Min = 2.436 ms, Q1 = 2.723 ms, Median = 2.819 ms, Q3 = 2.944 ms, Max = 3.333 ms
IQR = 0.221 ms, LowerFence = 2.392 ms, UpperFence = 3.275 ms
ConfidenceInterval = [2.774 ms; 2.896 ms] (CI 99.9%), Margin = 0.061 ms (2.16% of Mean)
Skewness = 0.55, Kurtosis = 3.31, MValue = 2
-------------------- Histogram --------------------
[2.386 ms ; 2.486 ms) | @
[2.486 ms ; 2.616 ms) | @@@@@
[2.616 ms ; 2.727 ms) | @@@@@@@@@@@@@@@@@
[2.727 ms ; 2.864 ms) | @@@@@@@@@@@@@@@@@@@@@@@@@@@@@@@@
[2.864 ms ; 2.964 ms) | @@@@@@@@@@@@@@@@@@@
[2.964 ms ; 3.072 ms) | @@@@@@@@@
[3.072 ms ; 3.184 ms) | @@@@@
[3.184 ms ; 3.339 ms) | @@@
---------------------------------------------------

// * Summary *

BenchmarkDotNet v0.14.0, Windows 11 (10.0.26200.7171)
11th Gen Intel Core i7-1185G7 3.00GHz, 1 CPU, 8 logical and 4 physical cores
.NET SDK 10.0.100
  [Host]     : .NET 10.0.0 (10.0.25.52411), X64 RyuJIT AVX-512F+CD+BW+DQ+VL+VBMI
  DefaultJob : .NET 10.0.0 (10.0.25.52411), X64 RyuJIT AVX-512F+CD+BW+DQ+VL+VBMI


| Method                   | Mean         | Error       | StdDev      | Gen0     | Gen1     | Gen2     | Allocated |
|------------------------- |-------------:|------------:|------------:|---------:|---------:|---------:|----------:|
| CalculateLargeList       |     1.665 μs |   0.0330 μs |   0.0463 μs |   0.1335 |   0.1297 |        - |     856 B |
| CalculateLargeArray      |     1.319 μs |   0.0229 μs |   0.0297 μs |   0.0954 |   0.0916 |        - |     616 B |
| CalculateLargeDict       | 5,161.396 μs | 102.7721 μs | 182.6773 μs | 539.0625 | 531.2500 | 328.1250 | 2624614 B |
| CalculateLargeObject     | 5,005.932 μs |  96.0548 μs | 128.2304 μs | 539.0625 | 531.2500 | 328.1250 | 2624932 B |
| CalculateLargeObjectList | 2,834.777 μs |  61.1124 μs | 171.3658 μs | 429.6875 | 425.7813 | 328.1250 | 1904486 B |

// * Hints *
Outliers
  SizeBenchmark.CalculateLargeList: Default       -> 3 outliers were removed (1.84 μs..1.97 μs)
  SizeBenchmark.CalculateLargeArray: Default      -> 5 outliers were removed, 6 outliers were detected (1.25 μs, 1.42 μs..1.49 μs)
  SizeBenchmark.CalculateLargeDict: Default       -> 5 outliers were removed (5.91 ms..8.06 ms)
  SizeBenchmark.CalculateLargeObject: Default     -> 4 outliers were removed (5.39 ms..5.65 ms)
  SizeBenchmark.CalculateLargeObjectList: Default -> 9 outliers were removed (3.35 ms..4.57 ms)

// * Legends *
  Mean      : Arithmetic mean of all measurements
  Error     : Half of 99.9% confidence interval
  StdDev    : Standard deviation of all measurements
  Gen0      : GC Generation 0 collects per 1000 operations
  Gen1      : GC Generation 1 collects per 1000 operations
  Gen2      : GC Generation 2 collects per 1000 operations
  Allocated : Allocated memory per single operation (managed only, inclusive, 1KB = 1024B)
  1 μs      : 1 Microsecond (0.000001 sec)

// * Diagnostic Output - MemoryDiagnoser *


// ***** BenchmarkRunner: End *****
Run time: 00:03:09 (189.1 sec), executed benchmarks: 5

Global total time: 00:08:00 (480.32 sec), executed benchmarks: 14
// * Artifacts cleanup *
Artifacts cleanup is finished
