// Validating benchmarks:
// ***** BenchmarkRunner: Start   *****
// ***** Found 13 benchmark(s) in total *****
// ***** Building 1 exe(s) in Parallel: Start   *****
// start dotnet  restore /p:UseSharedCompilation=false /p:BuildInParallel=false /m:1 /p:Deterministic=true /p:Optimize=true /p:IntermediateOutputPath="C:\Users\Kiarash\RiderProjects\RapidStreamer.BuildingBlocks\Tests\RapidStreamer.UnitTests\bin\Release\net10.0\250c05aa-cee2-49a9-914d-55c493a62bb4\obj\Release\net10.0/" /p:OutDir="C:\Users\Kiarash\RiderProjects\RapidStreamer.BuildingBlocks\Tests\RapidStreamer.UnitTests\bin\Release\net10.0\250c05aa-cee2-49a9-914d-55c493a62bb4\bin\Release\net10.0/" /p:OutputPath="C:\Users\Kiarash\RiderProjects\RapidStreamer.BuildingBlocks\Tests\RapidStreamer.UnitTests\bin\Release\net10.0\250c05aa-cee2-49a9-914d-55c493a62bb4\bin\Release\net10.0/" in C:\Users\Kiarash\RiderProjects\RapidStreamer.BuildingBlocks\Tests\RapidStreamer.UnitTests\bin\Release\net10.0\250c05aa-cee2-49a9-914d-55c493a62bb4
// command took 2.59 sec and exited with 0
// start dotnet  build -c Release --no-restore /p:UseSharedCompilation=false /p:BuildInParallel=false /m:1 /p:Deterministic=true /p:Optimize=true /p:IntermediateOutputPath="C:\Users\Kiarash\RiderProjects\RapidStreamer.BuildingBlocks\Tests\RapidStreamer.UnitTests\bin\Release\net10.0\250c05aa-cee2-49a9-914d-55c493a62bb4\obj\Release\net10.0/" /p:OutDir="C:\Users\Kiarash\RiderProjects\RapidStreamer.BuildingBlocks\Tests\RapidStreamer.UnitTests\bin\Release\net10.0\250c05aa-cee2-49a9-914d-55c493a62bb4\bin\Release\net10.0/" /p:OutputPath="C:\Users\Kiarash\RiderProjects\RapidStreamer.BuildingBlocks\Tests\RapidStreamer.UnitTests\bin\Release\net10.0\250c05aa-cee2-49a9-914d-55c493a62bb4\bin\Release\net10.0/" --output "C:\Users\Kiarash\RiderProjects\RapidStreamer.BuildingBlocks\Tests\RapidStreamer.UnitTests\bin\Release\net10.0\250c05aa-cee2-49a9-914d-55c493a62bb4\bin\Release\net10.0/" in C:\Users\Kiarash\RiderProjects\RapidStreamer.BuildingBlocks\Tests\RapidStreamer.UnitTests\bin\Release\net10.0\250c05aa-cee2-49a9-914d-55c493a62bb4
// command took 15.47 sec and exited with 0
// ***** Done, took 00:00:18 (18.19 sec)   *****
// Found 8 benchmarks:
//   CollectionHelperBenchmark.Filter_Array: DefaultJob
//   CollectionHelperBenchmark.Filter_List: DefaultJob
//   CollectionHelperBenchmark.Convert_Array: DefaultJob
//   CollectionHelperBenchmark.ForEach_Array: DefaultJob
//   CollectionHelperBenchmark.ForEach_List: DefaultJob
//   CollectionHelperBenchmark.Linq_Filter_Array: DefaultJob
//   CollectionHelperBenchmark.Linq_Convert_Array: DefaultJob
//   CollectionHelperBenchmark.Linq_ForEach_Array: DefaultJob

Setup power plan (GUID: 8c5e7fda-e8bf-4a96-9a85-a6e23a8c635c FriendlyName: High performance)
// **************************
// Benchmark: CollectionHelperBenchmark.Filter_Array: DefaultJob
// *** Execute ***
// Launch: 1 / 1
// Execute: dotnet 250c05aa-cee2-49a9-914d-55c493a62bb4.dll --anonymousPipes 2456 2256 --benchmarkName RapidStreamer.UnitTests.CollectionHelperBenchmark.Filter_Array --job Default --benchmarkId 0 in C:\Users\Kiarash\RiderProjects\RapidStreamer.BuildingBlocks\Tests\RapidStreamer.UnitTests\bin\Release\net10.0\250c05aa-cee2-49a9-914d-55c493a62bb4\bin\Release\net10.0
// BeforeAnythingElse

// Benchmark Process Environment Information:
// BenchmarkDotNet v0.14.0
// Runtime=.NET 10.0.0 (10.0.25.52411), X64 RyuJIT AVX-512F+CD+BW+DQ+VL+VBMI
// GC=Concurrent Workstation
// HardwareIntrinsics=AVX-512F+CD+BW+DQ+VL+VBMI,AES,BMI1,BMI2,FMA,LZCNT,PCLMUL,POPCNT VectorSize=256
// Job: DefaultJob

OverheadJitting  1: 1 op, 226800.00 ns, 226.8000 us/op
WorkloadJitting  1: 1 op, 6109300.00 ns, 6.1093 ms/op

OverheadJitting  2: 16 op, 167300.00 ns, 10.4563 us/op
WorkloadJitting  2: 16 op, 5075400.00 ns, 317.2125 us/op

WorkloadPilot    1: 16 op, 3870500.00 ns, 241.9063 us/op
WorkloadPilot    2: 32 op, 8283000.00 ns, 258.8438 us/op
WorkloadPilot    3: 64 op, 18428900.00 ns, 287.9516 us/op
WorkloadPilot    4: 128 op, 35548800.00 ns, 277.7250 us/op
WorkloadPilot    5: 256 op, 61937500.00 ns, 241.9434 us/op
WorkloadPilot    6: 512 op, 121560200.00 ns, 237.4223 us/op
WorkloadPilot    7: 1024 op, 207373000.00 ns, 202.5127 us/op
WorkloadPilot    8: 2048 op, 411119400.00 ns, 200.7419 us/op
WorkloadPilot    9: 4096 op, 833357700.00 ns, 203.4565 us/op

OverheadWarmup   1: 4096 op, 11500.00 ns, 2.8076 ns/op
OverheadWarmup   2: 4096 op, 10100.00 ns, 2.4658 ns/op
OverheadWarmup   3: 4096 op, 11100.00 ns, 2.7100 ns/op
OverheadWarmup   4: 4096 op, 10300.00 ns, 2.5146 ns/op
OverheadWarmup   5: 4096 op, 9900.00 ns, 2.4170 ns/op
OverheadWarmup   6: 4096 op, 9900.00 ns, 2.4170 ns/op
OverheadWarmup   7: 4096 op, 9100.00 ns, 2.2217 ns/op

OverheadActual   1: 4096 op, 9900.00 ns, 2.4170 ns/op
OverheadActual   2: 4096 op, 9700.00 ns, 2.3682 ns/op
OverheadActual   3: 4096 op, 10000.00 ns, 2.4414 ns/op
OverheadActual   4: 4096 op, 9800.00 ns, 2.3926 ns/op
OverheadActual   5: 4096 op, 10000.00 ns, 2.4414 ns/op
OverheadActual   6: 4096 op, 10000.00 ns, 2.4414 ns/op
OverheadActual   7: 4096 op, 9900.00 ns, 2.4170 ns/op
OverheadActual   8: 4096 op, 9800.00 ns, 2.3926 ns/op
OverheadActual   9: 4096 op, 10200.00 ns, 2.4902 ns/op
OverheadActual  10: 4096 op, 10200.00 ns, 2.4902 ns/op
OverheadActual  11: 4096 op, 9700.00 ns, 2.3682 ns/op
OverheadActual  12: 4096 op, 9700.00 ns, 2.3682 ns/op
OverheadActual  13: 4096 op, 9000.00 ns, 2.1973 ns/op
OverheadActual  14: 4096 op, 9700.00 ns, 2.3682 ns/op
OverheadActual  15: 4096 op, 9700.00 ns, 2.3682 ns/op

WorkloadWarmup   1: 4096 op, 798462600.00 ns, 194.9372 us/op
WorkloadWarmup   2: 4096 op, 812076000.00 ns, 198.2607 us/op
WorkloadWarmup   3: 4096 op, 849385100.00 ns, 207.3694 us/op
WorkloadWarmup   4: 4096 op, 799231500.00 ns, 195.1249 us/op
WorkloadWarmup   5: 4096 op, 798952400.00 ns, 195.0567 us/op
WorkloadWarmup   6: 4096 op, 784606200.00 ns, 191.5542 us/op
WorkloadWarmup   7: 4096 op, 789589100.00 ns, 192.7708 us/op
WorkloadWarmup   8: 4096 op, 800338900.00 ns, 195.3952 us/op
WorkloadWarmup   9: 4096 op, 908208200.00 ns, 221.7305 us/op
WorkloadWarmup  10: 4096 op, 800266000.00 ns, 195.3774 us/op

// BeforeActualRun
WorkloadActual   1: 4096 op, 803211800.00 ns, 196.0966 us/op
WorkloadActual   2: 4096 op, 954682900.00 ns, 233.0769 us/op
WorkloadActual   3: 4096 op, 820649700.00 ns, 200.3539 us/op
WorkloadActual   4: 4096 op, 831846900.00 ns, 203.0876 us/op
WorkloadActual   5: 4096 op, 820112000.00 ns, 200.2227 us/op
WorkloadActual   6: 4096 op, 894488900.00 ns, 218.3811 us/op
WorkloadActual   7: 4096 op, 867583700.00 ns, 211.8124 us/op
WorkloadActual   8: 4096 op, 890706200.00 ns, 217.4576 us/op
WorkloadActual   9: 4096 op, 876269500.00 ns, 213.9330 us/op
WorkloadActual  10: 4096 op, 835513400.00 ns, 203.9828 us/op
WorkloadActual  11: 4096 op, 887015400.00 ns, 216.5565 us/op
WorkloadActual  12: 4096 op, 898993400.00 ns, 219.4808 us/op
WorkloadActual  13: 4096 op, 877481100.00 ns, 214.2288 us/op
WorkloadActual  14: 4096 op, 835030200.00 ns, 203.8648 us/op
WorkloadActual  15: 4096 op, 863359600.00 ns, 210.7812 us/op
WorkloadActual  16: 4096 op, 884409000.00 ns, 215.9202 us/op
WorkloadActual  17: 4096 op, 844333700.00 ns, 206.1362 us/op
WorkloadActual  18: 4096 op, 855421600.00 ns, 208.8432 us/op
WorkloadActual  19: 4096 op, 834804600.00 ns, 203.8097 us/op
WorkloadActual  20: 4096 op, 824215500.00 ns, 201.2245 us/op
WorkloadActual  21: 4096 op, 860052700.00 ns, 209.9738 us/op
WorkloadActual  22: 4096 op, 834027800.00 ns, 203.6201 us/op
WorkloadActual  23: 4096 op, 958903400.00 ns, 234.1073 us/op
WorkloadActual  24: 4096 op, 925142000.00 ns, 225.8647 us/op
WorkloadActual  25: 4096 op, 959175200.00 ns, 234.1736 us/op
WorkloadActual  26: 4096 op, 903021400.00 ns, 220.4642 us/op
WorkloadActual  27: 4096 op, 862244400.00 ns, 210.5089 us/op
WorkloadActual  28: 4096 op, 852213900.00 ns, 208.0600 us/op
WorkloadActual  29: 4096 op, 832842400.00 ns, 203.3307 us/op
WorkloadActual  30: 4096 op, 822861500.00 ns, 200.8939 us/op
WorkloadActual  31: 4096 op, 832121000.00 ns, 203.1545 us/op
WorkloadActual  32: 4096 op, 821097900.00 ns, 200.4634 us/op
WorkloadActual  33: 4096 op, 826472400.00 ns, 201.7755 us/op
WorkloadActual  34: 4096 op, 848924900.00 ns, 207.2571 us/op
WorkloadActual  35: 4096 op, 809114600.00 ns, 197.5377 us/op
WorkloadActual  36: 4096 op, 818191100.00 ns, 199.7537 us/op
WorkloadActual  37: 4096 op, 811827500.00 ns, 198.2001 us/op
WorkloadActual  38: 4096 op, 816200500.00 ns, 199.2677 us/op
WorkloadActual  39: 4096 op, 856641700.00 ns, 209.1410 us/op
WorkloadActual  40: 4096 op, 913193000.00 ns, 222.9475 us/op
WorkloadActual  41: 4096 op, 828944100.00 ns, 202.3789 us/op
WorkloadActual  42: 4096 op, 810580600.00 ns, 197.8957 us/op
WorkloadActual  43: 4096 op, 814172400.00 ns, 198.7726 us/op
WorkloadActual  44: 4096 op, 821964500.00 ns, 200.6749 us/op
WorkloadActual  45: 4096 op, 869292400.00 ns, 212.2296 us/op
WorkloadActual  46: 4096 op, 862465500.00 ns, 210.5629 us/op
WorkloadActual  47: 4096 op, 849822500.00 ns, 207.4762 us/op
WorkloadActual  48: 4096 op, 820793100.00 ns, 200.3889 us/op
WorkloadActual  49: 4096 op, 855464700.00 ns, 208.8537 us/op
WorkloadActual  50: 4096 op, 864013200.00 ns, 210.9407 us/op
WorkloadActual  51: 4096 op, 884975200.00 ns, 216.0584 us/op

// AfterActualRun
WorkloadResult   1: 4096 op, 803202000.00 ns, 196.0942 us/op
WorkloadResult   2: 4096 op, 954673100.00 ns, 233.0745 us/op
WorkloadResult   3: 4096 op, 820639900.00 ns, 200.3515 us/op
WorkloadResult   4: 4096 op, 831837100.00 ns, 203.0852 us/op
WorkloadResult   5: 4096 op, 820102200.00 ns, 200.2203 us/op
WorkloadResult   6: 4096 op, 894479100.00 ns, 218.3787 us/op
WorkloadResult   7: 4096 op, 867573900.00 ns, 211.8100 us/op
WorkloadResult   8: 4096 op, 890696400.00 ns, 217.4552 us/op
WorkloadResult   9: 4096 op, 876259700.00 ns, 213.9306 us/op
WorkloadResult  10: 4096 op, 835503600.00 ns, 203.9804 us/op
WorkloadResult  11: 4096 op, 887005600.00 ns, 216.5541 us/op
WorkloadResult  12: 4096 op, 898983600.00 ns, 219.4784 us/op
WorkloadResult  13: 4096 op, 877471300.00 ns, 214.2264 us/op
WorkloadResult  14: 4096 op, 835020400.00 ns, 203.8624 us/op
WorkloadResult  15: 4096 op, 863349800.00 ns, 210.7788 us/op
WorkloadResult  16: 4096 op, 884399200.00 ns, 215.9178 us/op
WorkloadResult  17: 4096 op, 844323900.00 ns, 206.1338 us/op
WorkloadResult  18: 4096 op, 855411800.00 ns, 208.8408 us/op
WorkloadResult  19: 4096 op, 834794800.00 ns, 203.8073 us/op
WorkloadResult  20: 4096 op, 824205700.00 ns, 201.2221 us/op
WorkloadResult  21: 4096 op, 860042900.00 ns, 209.9714 us/op
WorkloadResult  22: 4096 op, 834018000.00 ns, 203.6177 us/op
WorkloadResult  23: 4096 op, 925132200.00 ns, 225.8624 us/op
WorkloadResult  24: 4096 op, 903011600.00 ns, 220.4618 us/op
WorkloadResult  25: 4096 op, 862234600.00 ns, 210.5065 us/op
WorkloadResult  26: 4096 op, 852204100.00 ns, 208.0576 us/op
WorkloadResult  27: 4096 op, 832832600.00 ns, 203.3283 us/op
WorkloadResult  28: 4096 op, 822851700.00 ns, 200.8915 us/op
WorkloadResult  29: 4096 op, 832111200.00 ns, 203.1521 us/op
WorkloadResult  30: 4096 op, 821088100.00 ns, 200.4610 us/op
WorkloadResult  31: 4096 op, 826462600.00 ns, 201.7731 us/op
WorkloadResult  32: 4096 op, 848915100.00 ns, 207.2547 us/op
WorkloadResult  33: 4096 op, 809104800.00 ns, 197.5354 us/op
WorkloadResult  34: 4096 op, 818181300.00 ns, 199.7513 us/op
WorkloadResult  35: 4096 op, 811817700.00 ns, 198.1977 us/op
WorkloadResult  36: 4096 op, 816190700.00 ns, 199.2653 us/op
WorkloadResult  37: 4096 op, 856631900.00 ns, 209.1386 us/op
WorkloadResult  38: 4096 op, 913183200.00 ns, 222.9451 us/op
WorkloadResult  39: 4096 op, 828934300.00 ns, 202.3765 us/op
WorkloadResult  40: 4096 op, 810570800.00 ns, 197.8933 us/op
WorkloadResult  41: 4096 op, 814162600.00 ns, 198.7702 us/op
WorkloadResult  42: 4096 op, 821954700.00 ns, 200.6725 us/op
WorkloadResult  43: 4096 op, 869282600.00 ns, 212.2272 us/op
WorkloadResult  44: 4096 op, 862455700.00 ns, 210.5605 us/op
WorkloadResult  45: 4096 op, 849812700.00 ns, 207.4738 us/op
WorkloadResult  46: 4096 op, 820783300.00 ns, 200.3865 us/op
WorkloadResult  47: 4096 op, 855454900.00 ns, 208.8513 us/op
WorkloadResult  48: 4096 op, 864003400.00 ns, 210.9383 us/op
WorkloadResult  49: 4096 op, 884965400.00 ns, 216.0560 us/op
// GC:  511 511 511 2149195840 4096
// Threading:  0 0 4096

// AfterAll
// Benchmark Process 4412 has exited with code 0.

Mean = 207.910 μs, StdErr = 1.180 μs (0.57%), N = 49, StdDev = 8.260 μs
Min = 196.094 μs, Q1 = 200.892 μs, Median = 207.255 μs, Q3 = 212.227 μs, Max = 233.074 μs
IQR = 11.336 μs, LowerFence = 183.888 μs, UpperFence = 229.231 μs
ConfidenceInterval = [203.774 μs; 212.046 μs] (CI 99.9%), Margin = 4.136 μs (1.99% of Mean)
Skewness = 0.82, Kurtosis = 3.2, MValue = 2

// ** Remained 12 (92.3%) benchmark(s) to run. Estimated finish 2025-12-02 12:37 (0h 10m from now) **
Setup power plan (GUID: 8c5e7fda-e8bf-4a96-9a85-a6e23a8c635c FriendlyName: High performance)
// **************************
// Benchmark: CollectionHelperBenchmark.Filter_List: DefaultJob
// *** Execute ***
// Launch: 1 / 1
// Execute: dotnet 250c05aa-cee2-49a9-914d-55c493a62bb4.dll --anonymousPipes 1368 2460 --benchmarkName RapidStreamer.UnitTests.CollectionHelperBenchmark.Filter_List --job Default --benchmarkId 1 in C:\Users\Kiarash\RiderProjects\RapidStreamer.BuildingBlocks\Tests\RapidStreamer.UnitTests\bin\Release\net10.0\250c05aa-cee2-49a9-914d-55c493a62bb4\bin\Release\net10.0
// BeforeAnythingElse

// Benchmark Process Environment Information:
// BenchmarkDotNet v0.14.0
// Runtime=.NET 10.0.0 (10.0.25.52411), X64 RyuJIT AVX-512F+CD+BW+DQ+VL+VBMI
// GC=Concurrent Workstation
// HardwareIntrinsics=AVX-512F+CD+BW+DQ+VL+VBMI,AES,BMI1,BMI2,FMA,LZCNT,PCLMUL,POPCNT VectorSize=256
// Job: DefaultJob

OverheadJitting  1: 1 op, 217500.00 ns, 217.5000 us/op
WorkloadJitting  1: 1 op, 6178000.00 ns, 6.1780 ms/op

OverheadJitting  2: 16 op, 235400.00 ns, 14.7125 us/op
WorkloadJitting  2: 16 op, 5894200.00 ns, 368.3875 us/op

WorkloadPilot    1: 16 op, 5937100.00 ns, 371.0688 us/op
WorkloadPilot    2: 32 op, 10874900.00 ns, 339.8406 us/op
WorkloadPilot    3: 64 op, 24943200.00 ns, 389.7375 us/op
WorkloadPilot    4: 128 op, 46819500.00 ns, 365.7773 us/op
WorkloadPilot    5: 256 op, 90680200.00 ns, 354.2195 us/op
WorkloadPilot    6: 512 op, 164305500.00 ns, 320.9092 us/op
WorkloadPilot    7: 1024 op, 315860900.00 ns, 308.4579 us/op
WorkloadPilot    8: 2048 op, 635490000.00 ns, 310.2979 us/op

OverheadWarmup   1: 2048 op, 6000.00 ns, 2.9297 ns/op
OverheadWarmup   2: 2048 op, 5000.00 ns, 2.4414 ns/op
OverheadWarmup   3: 2048 op, 4900.00 ns, 2.3926 ns/op
OverheadWarmup   4: 2048 op, 5200.00 ns, 2.5391 ns/op
OverheadWarmup   5: 2048 op, 5100.00 ns, 2.4902 ns/op
OverheadWarmup   6: 2048 op, 4900.00 ns, 2.3926 ns/op
OverheadWarmup   7: 2048 op, 4700.00 ns, 2.2949 ns/op
OverheadWarmup   8: 2048 op, 4700.00 ns, 2.2949 ns/op
OverheadWarmup   9: 2048 op, 5100.00 ns, 2.4902 ns/op

OverheadActual   1: 2048 op, 6000.00 ns, 2.9297 ns/op
OverheadActual   2: 2048 op, 5200.00 ns, 2.5391 ns/op
OverheadActual   3: 2048 op, 5900.00 ns, 2.8809 ns/op
OverheadActual   4: 2048 op, 5100.00 ns, 2.4902 ns/op
OverheadActual   5: 2048 op, 5400.00 ns, 2.6367 ns/op
OverheadActual   6: 2048 op, 5100.00 ns, 2.4902 ns/op
OverheadActual   7: 2048 op, 5500.00 ns, 2.6855 ns/op
OverheadActual   8: 2048 op, 5600.00 ns, 2.7344 ns/op
OverheadActual   9: 2048 op, 5500.00 ns, 2.6855 ns/op
OverheadActual  10: 2048 op, 5300.00 ns, 2.5879 ns/op
OverheadActual  11: 2048 op, 5100.00 ns, 2.4902 ns/op
OverheadActual  12: 2048 op, 5300.00 ns, 2.5879 ns/op
OverheadActual  13: 2048 op, 5000.00 ns, 2.4414 ns/op
OverheadActual  14: 2048 op, 5900.00 ns, 2.8809 ns/op
OverheadActual  15: 2048 op, 5000.00 ns, 2.4414 ns/op
OverheadActual  16: 2048 op, 5400.00 ns, 2.6367 ns/op
OverheadActual  17: 2048 op, 5800.00 ns, 2.8320 ns/op
OverheadActual  18: 2048 op, 5400.00 ns, 2.6367 ns/op
OverheadActual  19: 2048 op, 5200.00 ns, 2.5391 ns/op
OverheadActual  20: 2048 op, 5000.00 ns, 2.4414 ns/op

WorkloadWarmup   1: 2048 op, 656639700.00 ns, 320.6249 us/op
WorkloadWarmup   2: 2048 op, 644922900.00 ns, 314.9038 us/op
WorkloadWarmup   3: 2048 op, 639498200.00 ns, 312.2550 us/op
WorkloadWarmup   4: 2048 op, 658356700.00 ns, 321.4632 us/op
WorkloadWarmup   5: 2048 op, 682306000.00 ns, 333.1572 us/op
WorkloadWarmup   6: 2048 op, 635635900.00 ns, 310.3691 us/op
WorkloadWarmup   7: 2048 op, 671616300.00 ns, 327.9376 us/op
WorkloadWarmup   8: 2048 op, 630203900.00 ns, 307.7167 us/op

// BeforeActualRun
WorkloadActual   1: 2048 op, 656853800.00 ns, 320.7294 us/op
WorkloadActual   2: 2048 op, 645697500.00 ns, 315.2820 us/op
WorkloadActual   3: 2048 op, 653007200.00 ns, 318.8512 us/op
WorkloadActual   4: 2048 op, 649052200.00 ns, 316.9200 us/op
WorkloadActual   5: 2048 op, 681146500.00 ns, 332.5911 us/op
WorkloadActual   6: 2048 op, 707306300.00 ns, 345.3644 us/op
WorkloadActual   7: 2048 op, 693640900.00 ns, 338.6918 us/op
WorkloadActual   8: 2048 op, 662564400.00 ns, 323.5178 us/op
WorkloadActual   9: 2048 op, 708570800.00 ns, 345.9818 us/op
WorkloadActual  10: 2048 op, 642033900.00 ns, 313.4931 us/op
WorkloadActual  11: 2048 op, 668550900.00 ns, 326.4409 us/op
WorkloadActual  12: 2048 op, 675453100.00 ns, 329.8111 us/op
WorkloadActual  13: 2048 op, 654163900.00 ns, 319.4160 us/op
WorkloadActual  14: 2048 op, 640904300.00 ns, 312.9416 us/op
WorkloadActual  15: 2048 op, 639588600.00 ns, 312.2991 us/op
WorkloadActual  16: 2048 op, 648312700.00 ns, 316.5589 us/op
WorkloadActual  17: 2048 op, 652866200.00 ns, 318.7823 us/op
WorkloadActual  18: 2048 op, 641735500.00 ns, 313.3474 us/op
WorkloadActual  19: 2048 op, 638002500.00 ns, 311.5247 us/op
WorkloadActual  20: 2048 op, 637390700.00 ns, 311.2259 us/op
WorkloadActual  21: 2048 op, 629678600.00 ns, 307.4603 us/op
WorkloadActual  22: 2048 op, 649744500.00 ns, 317.2581 us/op
WorkloadActual  23: 2048 op, 663113200.00 ns, 323.7857 us/op
WorkloadActual  24: 2048 op, 627848500.00 ns, 306.5667 us/op
WorkloadActual  25: 2048 op, 643718700.00 ns, 314.3158 us/op

// AfterActualRun
WorkloadResult   1: 2048 op, 656848450.00 ns, 320.7268 us/op
WorkloadResult   2: 2048 op, 645692150.00 ns, 315.2794 us/op
WorkloadResult   3: 2048 op, 653001850.00 ns, 318.8486 us/op
WorkloadResult   4: 2048 op, 649046850.00 ns, 316.9174 us/op
WorkloadResult   5: 2048 op, 681141150.00 ns, 332.5885 us/op
WorkloadResult   6: 2048 op, 693635550.00 ns, 338.6892 us/op
WorkloadResult   7: 2048 op, 662559050.00 ns, 323.5152 us/op
WorkloadResult   8: 2048 op, 642028550.00 ns, 313.4905 us/op
WorkloadResult   9: 2048 op, 668545550.00 ns, 326.4383 us/op
WorkloadResult  10: 2048 op, 675447750.00 ns, 329.8085 us/op
WorkloadResult  11: 2048 op, 654158550.00 ns, 319.4134 us/op
WorkloadResult  12: 2048 op, 640898950.00 ns, 312.9389 us/op
WorkloadResult  13: 2048 op, 639583250.00 ns, 312.2965 us/op
WorkloadResult  14: 2048 op, 648307350.00 ns, 316.5563 us/op
WorkloadResult  15: 2048 op, 652860850.00 ns, 318.7797 us/op
WorkloadResult  16: 2048 op, 641730150.00 ns, 313.3448 us/op
WorkloadResult  17: 2048 op, 637997150.00 ns, 311.5220 us/op
WorkloadResult  18: 2048 op, 637385350.00 ns, 311.2233 us/op
WorkloadResult  19: 2048 op, 629673250.00 ns, 307.4576 us/op
WorkloadResult  20: 2048 op, 649739150.00 ns, 317.2554 us/op
WorkloadResult  21: 2048 op, 663107850.00 ns, 323.7831 us/op
WorkloadResult  22: 2048 op, 627843150.00 ns, 306.5640 us/op
WorkloadResult  23: 2048 op, 643713350.00 ns, 314.3132 us/op
// GC:  511 511 511 1893933120 2048
// Threading:  0 0 2048

// AfterAll
// Benchmark Process 20948 has exited with code 0.

Mean = 318.337 μs, StdErr = 1.650 μs (0.52%), N = 23, StdDev = 7.915 μs
Min = 306.564 μs, Q1 = 313.142 μs, Median = 316.917 μs, Q3 = 322.121 μs, Max = 338.689 μs
IQR = 8.979 μs, LowerFence = 299.673 μs, UpperFence = 335.590 μs
ConfidenceInterval = [312.078 μs; 324.596 μs] (CI 99.9%), Margin = 6.259 μs (1.97% of Mean)
Skewness = 0.82, Kurtosis = 3.08, MValue = 2

// ** Remained 11 (84.6%) benchmark(s) to run. Estimated finish 2025-12-02 12:34 (0h 7m from now) **
Setup power plan (GUID: 8c5e7fda-e8bf-4a96-9a85-a6e23a8c635c FriendlyName: High performance)
// **************************
// Benchmark: CollectionHelperBenchmark.Convert_Array: DefaultJob
// *** Execute ***
// Launch: 1 / 1
// Execute: dotnet 250c05aa-cee2-49a9-914d-55c493a62bb4.dll --anonymousPipes 1368 2460 --benchmarkName RapidStreamer.UnitTests.CollectionHelperBenchmark.Convert_Array --job Default --benchmarkId 2 in C:\Users\Kiarash\RiderProjects\RapidStreamer.BuildingBlocks\Tests\RapidStreamer.UnitTests\bin\Release\net10.0\250c05aa-cee2-49a9-914d-55c493a62bb4\bin\Release\net10.0
// BeforeAnythingElse

// Benchmark Process Environment Information:
// BenchmarkDotNet v0.14.0
// Runtime=.NET 10.0.0 (10.0.25.52411), X64 RyuJIT AVX-512F+CD+BW+DQ+VL+VBMI
// GC=Concurrent Workstation
// HardwareIntrinsics=AVX-512F+CD+BW+DQ+VL+VBMI,AES,BMI1,BMI2,FMA,LZCNT,PCLMUL,POPCNT VectorSize=256
// Job: DefaultJob

OverheadJitting  1: 1 op, 211600.00 ns, 211.6000 us/op
WorkloadJitting  1: 1 op, 4314800.00 ns, 4.3148 ms/op

OverheadJitting  2: 16 op, 197100.00 ns, 12.3188 us/op
WorkloadJitting  2: 16 op, 2735700.00 ns, 170.9813 us/op

WorkloadPilot    1: 16 op, 2596300.00 ns, 162.2688 us/op
WorkloadPilot    2: 32 op, 4980200.00 ns, 155.6313 us/op
WorkloadPilot    3: 64 op, 10196300.00 ns, 159.3172 us/op
WorkloadPilot    4: 128 op, 21026800.00 ns, 164.2719 us/op
WorkloadPilot    5: 256 op, 42886900.00 ns, 167.5270 us/op
WorkloadPilot    6: 512 op, 84252800.00 ns, 164.5563 us/op
WorkloadPilot    7: 1024 op, 177381100.00 ns, 173.2237 us/op
WorkloadPilot    8: 2048 op, 285905900.00 ns, 139.6025 us/op
WorkloadPilot    9: 4096 op, 586614200.00 ns, 143.2164 us/op

OverheadWarmup   1: 4096 op, 12300.00 ns, 3.0029 ns/op
OverheadWarmup   2: 4096 op, 9800.00 ns, 2.3926 ns/op
OverheadWarmup   3: 4096 op, 9800.00 ns, 2.3926 ns/op
OverheadWarmup   4: 4096 op, 9800.00 ns, 2.3926 ns/op
OverheadWarmup   5: 4096 op, 10500.00 ns, 2.5635 ns/op
OverheadWarmup   6: 4096 op, 9800.00 ns, 2.3926 ns/op

OverheadActual   1: 4096 op, 9700.00 ns, 2.3682 ns/op
OverheadActual   2: 4096 op, 9700.00 ns, 2.3682 ns/op
OverheadActual   3: 4096 op, 12500.00 ns, 3.0518 ns/op
OverheadActual   4: 4096 op, 10800.00 ns, 2.6367 ns/op
OverheadActual   5: 4096 op, 11200.00 ns, 2.7344 ns/op
OverheadActual   6: 4096 op, 11100.00 ns, 2.7100 ns/op
OverheadActual   7: 4096 op, 10600.00 ns, 2.5879 ns/op
OverheadActual   8: 4096 op, 9700.00 ns, 2.3682 ns/op
OverheadActual   9: 4096 op, 11500.00 ns, 2.8076 ns/op
OverheadActual  10: 4096 op, 10700.00 ns, 2.6123 ns/op
OverheadActual  11: 4096 op, 10800.00 ns, 2.6367 ns/op
OverheadActual  12: 4096 op, 10000.00 ns, 2.4414 ns/op
OverheadActual  13: 4096 op, 9800.00 ns, 2.3926 ns/op
OverheadActual  14: 4096 op, 10500.00 ns, 2.5635 ns/op
OverheadActual  15: 4096 op, 9800.00 ns, 2.3926 ns/op
OverheadActual  16: 4096 op, 9100.00 ns, 2.2217 ns/op
OverheadActual  17: 4096 op, 10000.00 ns, 2.4414 ns/op
OverheadActual  18: 4096 op, 10200.00 ns, 2.4902 ns/op
OverheadActual  19: 4096 op, 10000.00 ns, 2.4414 ns/op
OverheadActual  20: 4096 op, 10200.00 ns, 2.4902 ns/op

WorkloadWarmup   1: 4096 op, 605608700.00 ns, 147.8537 us/op
WorkloadWarmup   2: 4096 op, 696536400.00 ns, 170.0528 us/op
WorkloadWarmup   3: 4096 op, 615689800.00 ns, 150.3149 us/op
WorkloadWarmup   4: 4096 op, 610562200.00 ns, 149.0630 us/op
WorkloadWarmup   5: 4096 op, 580474100.00 ns, 141.7173 us/op
WorkloadWarmup   6: 4096 op, 586147900.00 ns, 143.1025 us/op
WorkloadWarmup   7: 4096 op, 584678400.00 ns, 142.7438 us/op

// BeforeActualRun
WorkloadActual   1: 4096 op, 583854000.00 ns, 142.5425 us/op
WorkloadActual   2: 4096 op, 581082200.00 ns, 141.8658 us/op
WorkloadActual   3: 4096 op, 610054800.00 ns, 148.9392 us/op
WorkloadActual   4: 4096 op, 571918500.00 ns, 139.6285 us/op
WorkloadActual   5: 4096 op, 610895400.00 ns, 149.1444 us/op
WorkloadActual   6: 4096 op, 611036200.00 ns, 149.1788 us/op
WorkloadActual   7: 4096 op, 641261000.00 ns, 156.5579 us/op
WorkloadActual   8: 4096 op, 606107900.00 ns, 147.9756 us/op
WorkloadActual   9: 4096 op, 600048000.00 ns, 146.4961 us/op
WorkloadActual  10: 4096 op, 589149400.00 ns, 143.8353 us/op
WorkloadActual  11: 4096 op, 606898300.00 ns, 148.1685 us/op
WorkloadActual  12: 4096 op, 620181400.00 ns, 151.4115 us/op
WorkloadActual  13: 4096 op, 599965100.00 ns, 146.4759 us/op
WorkloadActual  14: 4096 op, 637679800.00 ns, 155.6835 us/op
WorkloadActual  15: 4096 op, 622687400.00 ns, 152.0233 us/op
WorkloadActual  16: 4096 op, 627153200.00 ns, 153.1136 us/op
WorkloadActual  17: 4096 op, 597582200.00 ns, 145.8941 us/op
WorkloadActual  18: 4096 op, 618519800.00 ns, 151.0058 us/op
WorkloadActual  19: 4096 op, 612731600.00 ns, 149.5927 us/op
WorkloadActual  20: 4096 op, 590968600.00 ns, 144.2794 us/op
WorkloadActual  21: 4096 op, 599532000.00 ns, 146.3701 us/op
WorkloadActual  22: 4096 op, 603579300.00 ns, 147.3582 us/op
WorkloadActual  23: 4096 op, 636806900.00 ns, 155.4704 us/op
WorkloadActual  24: 4096 op, 612677700.00 ns, 149.5795 us/op
WorkloadActual  25: 4096 op, 616803100.00 ns, 150.5867 us/op
WorkloadActual  26: 4096 op, 634951600.00 ns, 155.0175 us/op
WorkloadActual  27: 4096 op, 650800400.00 ns, 158.8868 us/op
WorkloadActual  28: 4096 op, 633833200.00 ns, 154.7444 us/op
WorkloadActual  29: 4096 op, 623119600.00 ns, 152.1288 us/op
WorkloadActual  30: 4096 op, 598344500.00 ns, 146.0802 us/op
WorkloadActual  31: 4096 op, 630110500.00 ns, 153.8356 us/op
WorkloadActual  32: 4096 op, 730255900.00 ns, 178.2851 us/op
WorkloadActual  33: 4096 op, 720862800.00 ns, 175.9919 us/op
WorkloadActual  34: 4096 op, 692695200.00 ns, 169.1150 us/op
WorkloadActual  35: 4096 op, 591420200.00 ns, 144.3897 us/op
WorkloadActual  36: 4096 op, 613524000.00 ns, 149.7861 us/op

// AfterActualRun
WorkloadResult   1: 4096 op, 583843800.00 ns, 142.5400 us/op
WorkloadResult   2: 4096 op, 581072000.00 ns, 141.8633 us/op
WorkloadResult   3: 4096 op, 610044600.00 ns, 148.9367 us/op
WorkloadResult   4: 4096 op, 571908300.00 ns, 139.6260 us/op
WorkloadResult   5: 4096 op, 610885200.00 ns, 149.1419 us/op
WorkloadResult   6: 4096 op, 611026000.00 ns, 149.1763 us/op
WorkloadResult   7: 4096 op, 641250800.00 ns, 156.5554 us/op
WorkloadResult   8: 4096 op, 606097700.00 ns, 147.9731 us/op
WorkloadResult   9: 4096 op, 600037800.00 ns, 146.4936 us/op
WorkloadResult  10: 4096 op, 589139200.00 ns, 143.8328 us/op
WorkloadResult  11: 4096 op, 606888100.00 ns, 148.1660 us/op
WorkloadResult  12: 4096 op, 620171200.00 ns, 151.4090 us/op
WorkloadResult  13: 4096 op, 599954900.00 ns, 146.4734 us/op
WorkloadResult  14: 4096 op, 637669600.00 ns, 155.6811 us/op
WorkloadResult  15: 4096 op, 622677200.00 ns, 152.0208 us/op
WorkloadResult  16: 4096 op, 627143000.00 ns, 153.1111 us/op
WorkloadResult  17: 4096 op, 597572000.00 ns, 145.8916 us/op
WorkloadResult  18: 4096 op, 618509600.00 ns, 151.0033 us/op
WorkloadResult  19: 4096 op, 612721400.00 ns, 149.5902 us/op
WorkloadResult  20: 4096 op, 590958400.00 ns, 144.2770 us/op
WorkloadResult  21: 4096 op, 599521800.00 ns, 146.3676 us/op
WorkloadResult  22: 4096 op, 603569100.00 ns, 147.3557 us/op
WorkloadResult  23: 4096 op, 636796700.00 ns, 155.4679 us/op
WorkloadResult  24: 4096 op, 612667500.00 ns, 149.5770 us/op
WorkloadResult  25: 4096 op, 616792900.00 ns, 150.5842 us/op
WorkloadResult  26: 4096 op, 634941400.00 ns, 155.0150 us/op
WorkloadResult  27: 4096 op, 650790200.00 ns, 158.8843 us/op
WorkloadResult  28: 4096 op, 633823000.00 ns, 154.7419 us/op
WorkloadResult  29: 4096 op, 623109400.00 ns, 152.1263 us/op
WorkloadResult  30: 4096 op, 598334300.00 ns, 146.0777 us/op
WorkloadResult  31: 4096 op, 630100300.00 ns, 153.8331 us/op
WorkloadResult  32: 4096 op, 591410000.00 ns, 144.3872 us/op
WorkloadResult  33: 4096 op, 613513800.00 ns, 149.7836 us/op
// GC:  511 511 511 1638670400 4096
// Threading:  0 0 4096

// AfterAll
// Benchmark Process 14156 has exited with code 0.

Mean = 149.332 μs, StdErr = 0.798 μs (0.53%), N = 33, StdDev = 4.585 μs
Min = 139.626 μs, Q1 = 146.368 μs, Median = 149.176 μs, Q3 = 152.126 μs, Max = 158.884 μs
IQR = 5.759 μs, LowerFence = 137.730 μs, UpperFence = 160.764 μs
ConfidenceInterval = [146.442 μs; 152.223 μs] (CI 99.9%), Margin = 2.891 μs (1.94% of Mean)
Skewness = 0.02, Kurtosis = 2.3, MValue = 2

// ** Remained 10 (76.9%) benchmark(s) to run. Estimated finish 2025-12-02 12:33 (0h 5m from now) **
Setup power plan (GUID: 8c5e7fda-e8bf-4a96-9a85-a6e23a8c635c FriendlyName: High performance)
// **************************
// Benchmark: CollectionHelperBenchmark.ForEach_Array: DefaultJob
// *** Execute ***
// Launch: 1 / 1
// Execute: dotnet 250c05aa-cee2-49a9-914d-55c493a62bb4.dll --anonymousPipes 916 912 --benchmarkName RapidStreamer.UnitTests.CollectionHelperBenchmark.ForEach_Array --job Default --benchmarkId 3 in C:\Users\Kiarash\RiderProjects\RapidStreamer.BuildingBlocks\Tests\RapidStreamer.UnitTests\bin\Release\net10.0\250c05aa-cee2-49a9-914d-55c493a62bb4\bin\Release\net10.0
// BeforeAnythingElse

// Benchmark Process Environment Information:
// BenchmarkDotNet v0.14.0
// Runtime=.NET 10.0.0 (10.0.25.52411), X64 RyuJIT AVX-512F+CD+BW+DQ+VL+VBMI
// GC=Concurrent Workstation
// HardwareIntrinsics=AVX-512F+CD+BW+DQ+VL+VBMI,AES,BMI1,BMI2,FMA,LZCNT,PCLMUL,POPCNT VectorSize=256
// Job: DefaultJob

OverheadJitting  1: 1 op, 223600.00 ns, 223.6000 us/op
WorkloadJitting  1: 1 op, 4091400.00 ns, 4.0914 ms/op

OverheadJitting  2: 16 op, 189300.00 ns, 11.8313 us/op
WorkloadJitting  2: 16 op, 3563200.00 ns, 222.7000 us/op

WorkloadPilot    1: 16 op, 4480900.00 ns, 280.0563 us/op
WorkloadPilot    2: 32 op, 6589900.00 ns, 205.9344 us/op
WorkloadPilot    3: 64 op, 13684700.00 ns, 213.8234 us/op
WorkloadPilot    4: 128 op, 36200500.00 ns, 282.8164 us/op
WorkloadPilot    5: 256 op, 52321800.00 ns, 204.3820 us/op
WorkloadPilot    6: 512 op, 101591500.00 ns, 198.4209 us/op
WorkloadPilot    7: 1024 op, 177307500.00 ns, 173.1519 us/op
WorkloadPilot    8: 2048 op, 355978700.00 ns, 173.8177 us/op
WorkloadPilot    9: 4096 op, 728262300.00 ns, 177.7984 us/op

OverheadWarmup   1: 4096 op, 12700.00 ns, 3.1006 ns/op
OverheadWarmup   2: 4096 op, 11200.00 ns, 2.7344 ns/op
OverheadWarmup   3: 4096 op, 10200.00 ns, 2.4902 ns/op
OverheadWarmup   4: 4096 op, 10200.00 ns, 2.4902 ns/op
OverheadWarmup   5: 4096 op, 11800.00 ns, 2.8809 ns/op
OverheadWarmup   6: 4096 op, 9500.00 ns, 2.3193 ns/op
OverheadWarmup   7: 4096 op, 9700.00 ns, 2.3682 ns/op

OverheadActual   1: 4096 op, 10600.00 ns, 2.5879 ns/op
OverheadActual   2: 4096 op, 12600.00 ns, 3.0762 ns/op
OverheadActual   3: 4096 op, 10300.00 ns, 2.5146 ns/op
OverheadActual   4: 4096 op, 9900.00 ns, 2.4170 ns/op
OverheadActual   5: 4096 op, 9900.00 ns, 2.4170 ns/op
OverheadActual   6: 4096 op, 9300.00 ns, 2.2705 ns/op
OverheadActual   7: 4096 op, 11100.00 ns, 2.7100 ns/op
OverheadActual   8: 4096 op, 10700.00 ns, 2.6123 ns/op
OverheadActual   9: 4096 op, 9500.00 ns, 2.3193 ns/op
OverheadActual  10: 4096 op, 10700.00 ns, 2.6123 ns/op
OverheadActual  11: 4096 op, 10500.00 ns, 2.5635 ns/op
OverheadActual  12: 4096 op, 11500.00 ns, 2.8076 ns/op
OverheadActual  13: 4096 op, 10400.00 ns, 2.5391 ns/op
OverheadActual  14: 4096 op, 9600.00 ns, 2.3438 ns/op
OverheadActual  15: 4096 op, 10500.00 ns, 2.5635 ns/op
OverheadActual  16: 4096 op, 11300.00 ns, 2.7588 ns/op
OverheadActual  17: 4096 op, 11400.00 ns, 2.7832 ns/op
OverheadActual  18: 4096 op, 9900.00 ns, 2.4170 ns/op
OverheadActual  19: 4096 op, 11800.00 ns, 2.8809 ns/op
OverheadActual  20: 4096 op, 10400.00 ns, 2.5391 ns/op

WorkloadWarmup   1: 4096 op, 718245600.00 ns, 175.3529 us/op
WorkloadWarmup   2: 4096 op, 722072400.00 ns, 176.2872 us/op
WorkloadWarmup   3: 4096 op, 713050100.00 ns, 174.0845 us/op
WorkloadWarmup   4: 4096 op, 706906500.00 ns, 172.5846 us/op
WorkloadWarmup   5: 4096 op, 713788800.00 ns, 174.2648 us/op
WorkloadWarmup   6: 4096 op, 701910300.00 ns, 171.3648 us/op

// BeforeActualRun
WorkloadActual   1: 4096 op, 697890400.00 ns, 170.3834 us/op
WorkloadActual   2: 4096 op, 713257200.00 ns, 174.1351 us/op
WorkloadActual   3: 4096 op, 711489100.00 ns, 173.7034 us/op
WorkloadActual   4: 4096 op, 704308400.00 ns, 171.9503 us/op
WorkloadActual   5: 4096 op, 702355100.00 ns, 171.4734 us/op
WorkloadActual   6: 4096 op, 718987300.00 ns, 175.5340 us/op
WorkloadActual   7: 4096 op, 734792400.00 ns, 179.3927 us/op
WorkloadActual   8: 4096 op, 700782200.00 ns, 171.0894 us/op
WorkloadActual   9: 4096 op, 737707400.00 ns, 180.1043 us/op
WorkloadActual  10: 4096 op, 787419800.00 ns, 192.2412 us/op
WorkloadActual  11: 4096 op, 756921700.00 ns, 184.7953 us/op
WorkloadActual  12: 4096 op, 710714600.00 ns, 173.5143 us/op
WorkloadActual  13: 4096 op, 703434900.00 ns, 171.7370 us/op
WorkloadActual  14: 4096 op, 695377500.00 ns, 169.7699 us/op
WorkloadActual  15: 4096 op, 726642600.00 ns, 177.4030 us/op
WorkloadActual  16: 4096 op, 721871800.00 ns, 176.2382 us/op
WorkloadActual  17: 4096 op, 728467800.00 ns, 177.8486 us/op
WorkloadActual  18: 4096 op, 708821500.00 ns, 173.0521 us/op
WorkloadActual  19: 4096 op, 698687400.00 ns, 170.5780 us/op
WorkloadActual  20: 4096 op, 699939400.00 ns, 170.8836 us/op
WorkloadActual  21: 4096 op, 697900100.00 ns, 170.3858 us/op
WorkloadActual  22: 4096 op, 707900000.00 ns, 172.8271 us/op

// AfterActualRun
WorkloadResult   1: 4096 op, 697879900.00 ns, 170.3808 us/op
WorkloadResult   2: 4096 op, 713246700.00 ns, 174.1325 us/op
WorkloadResult   3: 4096 op, 711478600.00 ns, 173.7008 us/op
WorkloadResult   4: 4096 op, 704297900.00 ns, 171.9477 us/op
WorkloadResult   5: 4096 op, 702344600.00 ns, 171.4708 us/op
WorkloadResult   6: 4096 op, 718976800.00 ns, 175.5314 us/op
WorkloadResult   7: 4096 op, 734781900.00 ns, 179.3901 us/op
WorkloadResult   8: 4096 op, 700771700.00 ns, 171.0868 us/op
WorkloadResult   9: 4096 op, 737696900.00 ns, 180.1018 us/op
WorkloadResult  10: 4096 op, 756911200.00 ns, 184.7928 us/op
WorkloadResult  11: 4096 op, 710704100.00 ns, 173.5117 us/op
WorkloadResult  12: 4096 op, 703424400.00 ns, 171.7345 us/op
WorkloadResult  13: 4096 op, 695367000.00 ns, 169.7673 us/op
WorkloadResult  14: 4096 op, 726632100.00 ns, 177.4004 us/op
WorkloadResult  15: 4096 op, 721861300.00 ns, 176.2357 us/op
WorkloadResult  16: 4096 op, 728457300.00 ns, 177.8460 us/op
WorkloadResult  17: 4096 op, 708811000.00 ns, 173.0496 us/op
WorkloadResult  18: 4096 op, 698676900.00 ns, 170.5754 us/op
WorkloadResult  19: 4096 op, 699928900.00 ns, 170.8811 us/op
WorkloadResult  20: 4096 op, 697889600.00 ns, 170.3832 us/op
WorkloadResult  21: 4096 op, 707889500.00 ns, 172.8246 us/op
// GC:  0 0 0 459184 4096
// Threading:  0 0 4096

// AfterAll
// Benchmark Process 24756 has exited with code 0.

Mean = 174.131 μs, StdErr = 0.857 μs (0.49%), N = 21, StdDev = 3.928 μs
Min = 169.767 μs, Q1 = 171.087 μs, Median = 173.050 μs, Q3 = 176.236 μs, Max = 184.793 μs
IQR = 5.149 μs, LowerFence = 163.364 μs, UpperFence = 183.959 μs
ConfidenceInterval = [170.831 μs; 177.430 μs] (CI 99.9%), Margin = 3.299 μs (1.89% of Mean)
Skewness = 1.04, Kurtosis = 3.3, MValue = 2

// ** Remained 9 (69.2%) benchmark(s) to run. Estimated finish 2025-12-02 12:32 (0h 4m from now) **
Setup power plan (GUID: 8c5e7fda-e8bf-4a96-9a85-a6e23a8c635c FriendlyName: High performance)
// **************************
// Benchmark: CollectionHelperBenchmark.ForEach_List: DefaultJob
// *** Execute ***
// Launch: 1 / 1
// Execute: dotnet 250c05aa-cee2-49a9-914d-55c493a62bb4.dll --anonymousPipes 2252 2508 --benchmarkName RapidStreamer.UnitTests.CollectionHelperBenchmark.ForEach_List --job Default --benchmarkId 4 in C:\Users\Kiarash\RiderProjects\RapidStreamer.BuildingBlocks\Tests\RapidStreamer.UnitTests\bin\Release\net10.0\250c05aa-cee2-49a9-914d-55c493a62bb4\bin\Release\net10.0
// BeforeAnythingElse

// Benchmark Process Environment Information:
// BenchmarkDotNet v0.14.0
// Runtime=.NET 10.0.0 (10.0.25.52411), X64 RyuJIT AVX-512F+CD+BW+DQ+VL+VBMI
// GC=Concurrent Workstation
// HardwareIntrinsics=AVX-512F+CD+BW+DQ+VL+VBMI,AES,BMI1,BMI2,FMA,LZCNT,PCLMUL,POPCNT VectorSize=256
// Job: DefaultJob

OverheadJitting  1: 1 op, 240800.00 ns, 240.8000 us/op
WorkloadJitting  1: 1 op, 615700.00 ns, 615.7000 us/op

OverheadJitting  2: 16 op, 307900.00 ns, 19.2438 us/op
WorkloadJitting  2: 16 op, 4843000.00 ns, 302.6875 us/op

WorkloadPilot    1: 16 op, 3771500.00 ns, 235.7188 us/op
WorkloadPilot    2: 32 op, 8721200.00 ns, 272.5375 us/op
WorkloadPilot    3: 64 op, 17731400.00 ns, 277.0531 us/op
WorkloadPilot    4: 128 op, 30097400.00 ns, 235.1359 us/op
WorkloadPilot    5: 256 op, 48002100.00 ns, 187.5082 us/op
WorkloadPilot    6: 512 op, 131718800.00 ns, 257.2633 us/op
WorkloadPilot    7: 1024 op, 174385900.00 ns, 170.2987 us/op
WorkloadPilot    8: 2048 op, 338970900.00 ns, 165.5131 us/op
WorkloadPilot    9: 4096 op, 691739700.00 ns, 168.8818 us/op

OverheadWarmup   1: 4096 op, 13000.00 ns, 3.1738 ns/op
OverheadWarmup   2: 4096 op, 10800.00 ns, 2.6367 ns/op
OverheadWarmup   3: 4096 op, 10100.00 ns, 2.4658 ns/op
OverheadWarmup   4: 4096 op, 10100.00 ns, 2.4658 ns/op
OverheadWarmup   5: 4096 op, 9900.00 ns, 2.4170 ns/op
OverheadWarmup   6: 4096 op, 9700.00 ns, 2.3682 ns/op
OverheadWarmup   7: 4096 op, 9900.00 ns, 2.4170 ns/op
OverheadWarmup   8: 4096 op, 9700.00 ns, 2.3682 ns/op

OverheadActual   1: 4096 op, 9700.00 ns, 2.3682 ns/op
OverheadActual   2: 4096 op, 9900.00 ns, 2.4170 ns/op
OverheadActual   3: 4096 op, 10800.00 ns, 2.6367 ns/op
OverheadActual   4: 4096 op, 10100.00 ns, 2.4658 ns/op
OverheadActual   5: 4096 op, 10100.00 ns, 2.4658 ns/op
OverheadActual   6: 4096 op, 10100.00 ns, 2.4658 ns/op
OverheadActual   7: 4096 op, 9500.00 ns, 2.3193 ns/op
OverheadActual   8: 4096 op, 9900.00 ns, 2.4170 ns/op
OverheadActual   9: 4096 op, 10500.00 ns, 2.5635 ns/op
OverheadActual  10: 4096 op, 10800.00 ns, 2.6367 ns/op
OverheadActual  11: 4096 op, 9600.00 ns, 2.3438 ns/op
OverheadActual  12: 4096 op, 9700.00 ns, 2.3682 ns/op
OverheadActual  13: 4096 op, 11200.00 ns, 2.7344 ns/op
OverheadActual  14: 4096 op, 9700.00 ns, 2.3682 ns/op
OverheadActual  15: 4096 op, 10000.00 ns, 2.4414 ns/op
OverheadActual  16: 4096 op, 10000.00 ns, 2.4414 ns/op

WorkloadWarmup   1: 4096 op, 679682200.00 ns, 165.9380 us/op
WorkloadWarmup   2: 4096 op, 660996000.00 ns, 161.3760 us/op
WorkloadWarmup   3: 4096 op, 680714900.00 ns, 166.1902 us/op
WorkloadWarmup   4: 4096 op, 701749300.00 ns, 171.3255 us/op
WorkloadWarmup   5: 4096 op, 666003700.00 ns, 162.5986 us/op
WorkloadWarmup   6: 4096 op, 660369900.00 ns, 161.2231 us/op
WorkloadWarmup   7: 4096 op, 688120000.00 ns, 167.9980 us/op
WorkloadWarmup   8: 4096 op, 676368700.00 ns, 165.1291 us/op

// BeforeActualRun
WorkloadActual   1: 4096 op, 695630700.00 ns, 169.8317 us/op
WorkloadActual   2: 4096 op, 702158600.00 ns, 171.4254 us/op
WorkloadActual   3: 4096 op, 691619300.00 ns, 168.8524 us/op
WorkloadActual   4: 4096 op, 700995500.00 ns, 171.1415 us/op
WorkloadActual   5: 4096 op, 686701800.00 ns, 167.6518 us/op
WorkloadActual   6: 4096 op, 717059400.00 ns, 175.0633 us/op
WorkloadActual   7: 4096 op, 702490700.00 ns, 171.5065 us/op
WorkloadActual   8: 4096 op, 710010500.00 ns, 173.3424 us/op
WorkloadActual   9: 4096 op, 700520500.00 ns, 171.0255 us/op
WorkloadActual  10: 4096 op, 712397800.00 ns, 173.9252 us/op
WorkloadActual  11: 4096 op, 685882700.00 ns, 167.4518 us/op
WorkloadActual  12: 4096 op, 694674500.00 ns, 169.5983 us/op
WorkloadActual  13: 4096 op, 686821100.00 ns, 167.6809 us/op
WorkloadActual  14: 4096 op, 700405600.00 ns, 170.9975 us/op
WorkloadActual  15: 4096 op, 712306600.00 ns, 173.9030 us/op

// AfterActualRun
WorkloadResult   1: 4096 op, 695620700.00 ns, 169.8293 us/op
WorkloadResult   2: 4096 op, 702148600.00 ns, 171.4230 us/op
WorkloadResult   3: 4096 op, 691609300.00 ns, 168.8499 us/op
WorkloadResult   4: 4096 op, 700985500.00 ns, 171.1390 us/op
WorkloadResult   5: 4096 op, 686691800.00 ns, 167.6494 us/op
WorkloadResult   6: 4096 op, 717049400.00 ns, 175.0609 us/op
WorkloadResult   7: 4096 op, 702480700.00 ns, 171.5041 us/op
WorkloadResult   8: 4096 op, 710000500.00 ns, 173.3400 us/op
WorkloadResult   9: 4096 op, 700510500.00 ns, 171.0231 us/op
WorkloadResult  10: 4096 op, 712387800.00 ns, 173.9228 us/op
WorkloadResult  11: 4096 op, 685872700.00 ns, 167.4494 us/op
WorkloadResult  12: 4096 op, 694664500.00 ns, 169.5958 us/op
WorkloadResult  13: 4096 op, 686811100.00 ns, 167.6785 us/op
WorkloadResult  14: 4096 op, 700395600.00 ns, 170.9950 us/op
WorkloadResult  15: 4096 op, 712296600.00 ns, 173.9005 us/op
// GC:  0 0 0 98704 4096
// Threading:  0 0 4096

// AfterAll
// Benchmark Process 2868 has exited with code 0.

Mean = 170.891 μs, StdErr = 0.625 μs (0.37%), N = 15, StdDev = 2.421 μs
Min = 167.449 μs, Q1 = 169.223 μs, Median = 171.023 μs, Q3 = 172.422 μs, Max = 175.061 μs
IQR = 3.199 μs, LowerFence = 164.424 μs, UpperFence = 177.221 μs
ConfidenceInterval = [168.303 μs; 173.478 μs] (CI 99.9%), Margin = 2.588 μs (1.51% of Mean)
Skewness = 0.11, Kurtosis = 1.72, MValue = 2

// ** Remained 8 (61.5%) benchmark(s) to run. Estimated finish 2025-12-02 12:32 (0h 3m from now) **
Setup power plan (GUID: 8c5e7fda-e8bf-4a96-9a85-a6e23a8c635c FriendlyName: High performance)
// **************************
// Benchmark: CollectionHelperBenchmark.Linq_Filter_Array: DefaultJob
// *** Execute ***
// Launch: 1 / 1
// Execute: dotnet 250c05aa-cee2-49a9-914d-55c493a62bb4.dll --anonymousPipes 2620 2624 --benchmarkName RapidStreamer.UnitTests.CollectionHelperBenchmark.Linq_Filter_Array --job Default --benchmarkId 5 in C:\Users\Kiarash\RiderProjects\RapidStreamer.BuildingBlocks\Tests\RapidStreamer.UnitTests\bin\Release\net10.0\250c05aa-cee2-49a9-914d-55c493a62bb4\bin\Release\net10.0
// BeforeAnythingElse

// Benchmark Process Environment Information:
// BenchmarkDotNet v0.14.0
// Runtime=.NET 10.0.0 (10.0.25.52411), X64 RyuJIT AVX-512F+CD+BW+DQ+VL+VBMI
// GC=Concurrent Workstation
// HardwareIntrinsics=AVX-512F+CD+BW+DQ+VL+VBMI,AES,BMI1,BMI2,FMA,LZCNT,PCLMUL,POPCNT VectorSize=256
// Job: DefaultJob

OverheadJitting  1: 1 op, 295100.00 ns, 295.1000 us/op
WorkloadJitting  1: 1 op, 4394600.00 ns, 4.3946 ms/op

OverheadJitting  2: 16 op, 346200.00 ns, 21.6375 us/op
WorkloadJitting  2: 16 op, 2436000.00 ns, 152.2500 us/op

WorkloadPilot    1: 16 op, 2591700.00 ns, 161.9813 us/op
WorkloadPilot    2: 32 op, 5597900.00 ns, 174.9344 us/op
WorkloadPilot    3: 64 op, 9183500.00 ns, 143.4922 us/op
WorkloadPilot    4: 128 op, 19243900.00 ns, 150.3430 us/op
WorkloadPilot    5: 256 op, 43765700.00 ns, 170.9598 us/op
WorkloadPilot    6: 512 op, 76437800.00 ns, 149.2926 us/op
WorkloadPilot    7: 1024 op, 161696500.00 ns, 157.9067 us/op
WorkloadPilot    8: 2048 op, 237151200.00 ns, 115.7965 us/op
WorkloadPilot    9: 4096 op, 438228100.00 ns, 106.9893 us/op
WorkloadPilot   10: 8192 op, 903214700.00 ns, 110.2557 us/op

OverheadWarmup   1: 8192 op, 22300.00 ns, 2.7222 ns/op
OverheadWarmup   2: 8192 op, 18700.00 ns, 2.2827 ns/op
OverheadWarmup   3: 8192 op, 19800.00 ns, 2.4170 ns/op
OverheadWarmup   4: 8192 op, 19400.00 ns, 2.3682 ns/op
OverheadWarmup   5: 8192 op, 19500.00 ns, 2.3804 ns/op
OverheadWarmup   6: 8192 op, 20600.00 ns, 2.5146 ns/op
OverheadWarmup   7: 8192 op, 19600.00 ns, 2.3926 ns/op

OverheadActual   1: 8192 op, 19500.00 ns, 2.3804 ns/op
OverheadActual   2: 8192 op, 22200.00 ns, 2.7100 ns/op
OverheadActual   3: 8192 op, 21900.00 ns, 2.6733 ns/op
OverheadActual   4: 8192 op, 20600.00 ns, 2.5146 ns/op
OverheadActual   5: 8192 op, 21300.00 ns, 2.6001 ns/op
OverheadActual   6: 8192 op, 20000.00 ns, 2.4414 ns/op
OverheadActual   7: 8192 op, 22200.00 ns, 2.7100 ns/op
OverheadActual   8: 8192 op, 19500.00 ns, 2.3804 ns/op
OverheadActual   9: 8192 op, 19100.00 ns, 2.3315 ns/op
OverheadActual  10: 8192 op, 20600.00 ns, 2.5146 ns/op
OverheadActual  11: 8192 op, 19000.00 ns, 2.3193 ns/op
OverheadActual  12: 8192 op, 19500.00 ns, 2.3804 ns/op
OverheadActual  13: 8192 op, 18900.00 ns, 2.3071 ns/op
OverheadActual  14: 8192 op, 18900.00 ns, 2.3071 ns/op
OverheadActual  15: 8192 op, 19100.00 ns, 2.3315 ns/op
OverheadActual  16: 8192 op, 18200.00 ns, 2.2217 ns/op
OverheadActual  17: 8192 op, 19300.00 ns, 2.3560 ns/op
OverheadActual  18: 8192 op, 20300.00 ns, 2.4780 ns/op
OverheadActual  19: 8192 op, 19500.00 ns, 2.3804 ns/op
OverheadActual  20: 8192 op, 19900.00 ns, 2.4292 ns/op

WorkloadWarmup   1: 8192 op, 893235500.00 ns, 109.0375 us/op
WorkloadWarmup   2: 8192 op, 871767600.00 ns, 106.4169 us/op
WorkloadWarmup   3: 8192 op, 884552700.00 ns, 107.9776 us/op
WorkloadWarmup   4: 8192 op, 916465600.00 ns, 111.8732 us/op
WorkloadWarmup   5: 8192 op, 910856800.00 ns, 111.1886 us/op
WorkloadWarmup   6: 8192 op, 858431100.00 ns, 104.7890 us/op
WorkloadWarmup   7: 8192 op, 890798700.00 ns, 108.7401 us/op
WorkloadWarmup   8: 8192 op, 927304000.00 ns, 113.1963 us/op
WorkloadWarmup   9: 8192 op, 871238200.00 ns, 106.3523 us/op

// BeforeActualRun
WorkloadActual   1: 8192 op, 885834900.00 ns, 108.1341 us/op
WorkloadActual   2: 8192 op, 876884300.00 ns, 107.0415 us/op
WorkloadActual   3: 8192 op, 869391000.00 ns, 106.1268 us/op
WorkloadActual   4: 8192 op, 926155500.00 ns, 113.0561 us/op
WorkloadActual   5: 8192 op, 1004218200.00 ns, 122.5852 us/op
WorkloadActual   6: 8192 op, 1037883300.00 ns, 126.6947 us/op
WorkloadActual   7: 8192 op, 1171219300.00 ns, 142.9711 us/op
WorkloadActual   8: 8192 op, 956484600.00 ns, 116.7584 us/op
WorkloadActual   9: 8192 op, 941770900.00 ns, 114.9623 us/op
WorkloadActual  10: 8192 op, 928124100.00 ns, 113.2964 us/op
WorkloadActual  11: 8192 op, 961835300.00 ns, 117.4115 us/op
WorkloadActual  12: 8192 op, 918010200.00 ns, 112.0618 us/op
WorkloadActual  13: 8192 op, 896373200.00 ns, 109.4206 us/op
WorkloadActual  14: 8192 op, 890030400.00 ns, 108.6463 us/op
WorkloadActual  15: 8192 op, 904344800.00 ns, 110.3937 us/op
WorkloadActual  16: 8192 op, 892032700.00 ns, 108.8907 us/op
WorkloadActual  17: 8192 op, 870636400.00 ns, 106.2789 us/op
WorkloadActual  18: 8192 op, 863506500.00 ns, 105.4085 us/op
WorkloadActual  19: 8192 op, 865021600.00 ns, 105.5935 us/op
WorkloadActual  20: 8192 op, 913094900.00 ns, 111.4618 us/op
WorkloadActual  21: 8192 op, 909438500.00 ns, 111.0154 us/op
WorkloadActual  22: 8192 op, 874135600.00 ns, 106.7060 us/op
WorkloadActual  23: 8192 op, 861189300.00 ns, 105.1256 us/op
WorkloadActual  24: 8192 op, 906022300.00 ns, 110.5984 us/op
WorkloadActual  25: 8192 op, 874768700.00 ns, 106.7833 us/op
WorkloadActual  26: 8192 op, 886328000.00 ns, 108.1943 us/op
WorkloadActual  27: 8192 op, 871557800.00 ns, 106.3913 us/op
WorkloadActual  28: 8192 op, 865673200.00 ns, 105.6730 us/op
WorkloadActual  29: 8192 op, 874141300.00 ns, 106.7067 us/op
WorkloadActual  30: 8192 op, 860318700.00 ns, 105.0194 us/op
WorkloadActual  31: 8192 op, 894105900.00 ns, 109.1438 us/op
WorkloadActual  32: 8192 op, 872772700.00 ns, 106.5396 us/op
WorkloadActual  33: 8192 op, 865820800.00 ns, 105.6910 us/op
WorkloadActual  34: 8192 op, 858845900.00 ns, 104.8396 us/op
WorkloadActual  35: 8192 op, 876660600.00 ns, 107.0142 us/op
WorkloadActual  36: 8192 op, 849112500.00 ns, 103.6514 us/op
WorkloadActual  37: 8192 op, 861792300.00 ns, 105.1993 us/op
WorkloadActual  38: 8192 op, 882669800.00 ns, 107.7478 us/op

// AfterActualRun
WorkloadResult   1: 8192 op, 885815400.00 ns, 108.1318 us/op
WorkloadResult   2: 8192 op, 876864800.00 ns, 107.0392 us/op
WorkloadResult   3: 8192 op, 869371500.00 ns, 106.1245 us/op
WorkloadResult   4: 8192 op, 926136000.00 ns, 113.0537 us/op
WorkloadResult   5: 8192 op, 956465100.00 ns, 116.7560 us/op
WorkloadResult   6: 8192 op, 941751400.00 ns, 114.9599 us/op
WorkloadResult   7: 8192 op, 928104600.00 ns, 113.2940 us/op
WorkloadResult   8: 8192 op, 961815800.00 ns, 117.4092 us/op
WorkloadResult   9: 8192 op, 917990700.00 ns, 112.0594 us/op
WorkloadResult  10: 8192 op, 896353700.00 ns, 109.4182 us/op
WorkloadResult  11: 8192 op, 890010900.00 ns, 108.6439 us/op
WorkloadResult  12: 8192 op, 904325300.00 ns, 110.3913 us/op
WorkloadResult  13: 8192 op, 892013200.00 ns, 108.8883 us/op
WorkloadResult  14: 8192 op, 870616900.00 ns, 106.2765 us/op
WorkloadResult  15: 8192 op, 863487000.00 ns, 105.4061 us/op
WorkloadResult  16: 8192 op, 865002100.00 ns, 105.5911 us/op
WorkloadResult  17: 8192 op, 913075400.00 ns, 111.4594 us/op
WorkloadResult  18: 8192 op, 909419000.00 ns, 111.0131 us/op
WorkloadResult  19: 8192 op, 874116100.00 ns, 106.7036 us/op
WorkloadResult  20: 8192 op, 861169800.00 ns, 105.1233 us/op
WorkloadResult  21: 8192 op, 906002800.00 ns, 110.5960 us/op
WorkloadResult  22: 8192 op, 874749200.00 ns, 106.7809 us/op
WorkloadResult  23: 8192 op, 886308500.00 ns, 108.1920 us/op
WorkloadResult  24: 8192 op, 871538300.00 ns, 106.3890 us/op
WorkloadResult  25: 8192 op, 865653700.00 ns, 105.6706 us/op
WorkloadResult  26: 8192 op, 874121800.00 ns, 106.7043 us/op
WorkloadResult  27: 8192 op, 860299200.00 ns, 105.0170 us/op
WorkloadResult  28: 8192 op, 894086400.00 ns, 109.1414 us/op
WorkloadResult  29: 8192 op, 872753200.00 ns, 106.5373 us/op
WorkloadResult  30: 8192 op, 865801300.00 ns, 105.6886 us/op
WorkloadResult  31: 8192 op, 858826400.00 ns, 104.8372 us/op
WorkloadResult  32: 8192 op, 876641100.00 ns, 107.0119 us/op
WorkloadResult  33: 8192 op, 849093000.00 ns, 103.6490 us/op
WorkloadResult  34: 8192 op, 861772800.00 ns, 105.1969 us/op
WorkloadResult  35: 8192 op, 882650300.00 ns, 107.7454 us/op
// GC:  511 511 511 1639342080 8192
// Threading:  0 0 8192

// AfterAll
// Benchmark Process 4280 has exited with code 0.

Mean = 108.483 μs, StdErr = 0.586 μs (0.54%), N = 35, StdDev = 3.468 μs
Min = 103.649 μs, Q1 = 105.907 μs, Median = 107.039 μs, Q3 = 110.494 μs, Max = 117.409 μs
IQR = 4.587 μs, LowerFence = 99.026 μs, UpperFence = 117.374 μs
ConfidenceInterval = [106.372 μs; 110.594 μs] (CI 99.9%), Margin = 2.111 μs (1.95% of Mean)
Skewness = 0.98, Kurtosis = 3.08, MValue = 2

// ** Remained 7 (53.8%) benchmark(s) to run. Estimated finish 2025-12-02 12:32 (0h 3m from now) **
Setup power plan (GUID: 8c5e7fda-e8bf-4a96-9a85-a6e23a8c635c FriendlyName: High performance)
// **************************
// Benchmark: CollectionHelperBenchmark.Linq_Convert_Array: DefaultJob
// *** Execute ***
// Launch: 1 / 1
// Execute: dotnet 250c05aa-cee2-49a9-914d-55c493a62bb4.dll --anonymousPipes 2548 2540 --benchmarkName RapidStreamer.UnitTests.CollectionHelperBenchmark.Linq_Convert_Array --job Default --benchmarkId 6 in C:\Users\Kiarash\RiderProjects\RapidStreamer.BuildingBlocks\Tests\RapidStreamer.UnitTests\bin\Release\net10.0\250c05aa-cee2-49a9-914d-55c493a62bb4\bin\Release\net10.0
// BeforeAnythingElse

// Benchmark Process Environment Information:
// BenchmarkDotNet v0.14.0
// Runtime=.NET 10.0.0 (10.0.25.52411), X64 RyuJIT AVX-512F+CD+BW+DQ+VL+VBMI
// GC=Concurrent Workstation
// HardwareIntrinsics=AVX-512F+CD+BW+DQ+VL+VBMI,AES,BMI1,BMI2,FMA,LZCNT,PCLMUL,POPCNT VectorSize=256
// Job: DefaultJob

OverheadJitting  1: 1 op, 200800.00 ns, 200.8000 us/op
WorkloadJitting  1: 1 op, 1925100.00 ns, 1.9251 ms/op

OverheadJitting  2: 16 op, 265800.00 ns, 16.6125 us/op
WorkloadJitting  2: 16 op, 3634200.00 ns, 227.1375 us/op

WorkloadPilot    1: 16 op, 2666100.00 ns, 166.6313 us/op
WorkloadPilot    2: 32 op, 6011600.00 ns, 187.8625 us/op
WorkloadPilot    3: 64 op, 13175500.00 ns, 205.8672 us/op
WorkloadPilot    4: 128 op, 23465600.00 ns, 183.3250 us/op
WorkloadPilot    5: 256 op, 48068700.00 ns, 187.7684 us/op
WorkloadPilot    6: 512 op, 96951900.00 ns, 189.3592 us/op
WorkloadPilot    7: 1024 op, 149755600.00 ns, 146.2457 us/op
WorkloadPilot    8: 2048 op, 266103600.00 ns, 129.9334 us/op
WorkloadPilot    9: 4096 op, 531503200.00 ns, 129.7615 us/op

OverheadWarmup   1: 4096 op, 15000.00 ns, 3.6621 ns/op
OverheadWarmup   2: 4096 op, 12500.00 ns, 3.0518 ns/op
OverheadWarmup   3: 4096 op, 10700.00 ns, 2.6123 ns/op
OverheadWarmup   4: 4096 op, 10200.00 ns, 2.4902 ns/op
OverheadWarmup   5: 4096 op, 10200.00 ns, 2.4902 ns/op
OverheadWarmup   6: 4096 op, 9900.00 ns, 2.4170 ns/op
OverheadWarmup   7: 4096 op, 9800.00 ns, 2.3926 ns/op
OverheadWarmup   8: 4096 op, 9800.00 ns, 2.3926 ns/op
OverheadWarmup   9: 4096 op, 9200.00 ns, 2.2461 ns/op

OverheadActual   1: 4096 op, 9500.00 ns, 2.3193 ns/op
OverheadActual   2: 4096 op, 9900.00 ns, 2.4170 ns/op
OverheadActual   3: 4096 op, 9900.00 ns, 2.4170 ns/op
OverheadActual   4: 4096 op, 9000.00 ns, 2.1973 ns/op
OverheadActual   5: 4096 op, 10100.00 ns, 2.4658 ns/op
OverheadActual   6: 4096 op, 13300.00 ns, 3.2471 ns/op
OverheadActual   7: 4096 op, 10700.00 ns, 2.6123 ns/op
OverheadActual   8: 4096 op, 11600.00 ns, 2.8320 ns/op
OverheadActual   9: 4096 op, 9600.00 ns, 2.3438 ns/op
OverheadActual  10: 4096 op, 9700.00 ns, 2.3682 ns/op
OverheadActual  11: 4096 op, 9700.00 ns, 2.3682 ns/op
OverheadActual  12: 4096 op, 10100.00 ns, 2.4658 ns/op
OverheadActual  13: 4096 op, 9700.00 ns, 2.3682 ns/op
OverheadActual  14: 4096 op, 9700.00 ns, 2.3682 ns/op
OverheadActual  15: 4096 op, 9600.00 ns, 2.3438 ns/op

WorkloadWarmup   1: 4096 op, 556327400.00 ns, 135.8221 us/op
WorkloadWarmup   2: 4096 op, 601493900.00 ns, 146.8491 us/op
WorkloadWarmup   3: 4096 op, 587079700.00 ns, 143.3300 us/op
WorkloadWarmup   4: 4096 op, 556295600.00 ns, 135.8144 us/op
WorkloadWarmup   5: 4096 op, 541978800.00 ns, 132.3190 us/op
WorkloadWarmup   6: 4096 op, 542596500.00 ns, 132.4698 us/op
WorkloadWarmup   7: 4096 op, 541625100.00 ns, 132.2327 us/op

// BeforeActualRun
WorkloadActual   1: 4096 op, 548773500.00 ns, 133.9779 us/op
WorkloadActual   2: 4096 op, 534665900.00 ns, 130.5337 us/op
WorkloadActual   3: 4096 op, 541195900.00 ns, 132.1279 us/op
WorkloadActual   4: 4096 op, 542107100.00 ns, 132.3504 us/op
WorkloadActual   5: 4096 op, 537927600.00 ns, 131.3300 us/op
WorkloadActual   6: 4096 op, 544496200.00 ns, 132.9336 us/op
WorkloadActual   7: 4096 op, 573301200.00 ns, 139.9661 us/op
WorkloadActual   8: 4096 op, 531954700.00 ns, 129.8718 us/op
WorkloadActual   9: 4096 op, 540301100.00 ns, 131.9094 us/op
WorkloadActual  10: 4096 op, 541373500.00 ns, 132.1713 us/op
WorkloadActual  11: 4096 op, 555866700.00 ns, 135.7096 us/op
WorkloadActual  12: 4096 op, 536557300.00 ns, 130.9954 us/op
WorkloadActual  13: 4096 op, 538953500.00 ns, 131.5804 us/op
WorkloadActual  14: 4096 op, 558105300.00 ns, 136.2562 us/op
WorkloadActual  15: 4096 op, 549220300.00 ns, 134.0870 us/op

// AfterActualRun
WorkloadResult   1: 4096 op, 548763800.00 ns, 133.9755 us/op
WorkloadResult   2: 4096 op, 534656200.00 ns, 130.5313 us/op
WorkloadResult   3: 4096 op, 541186200.00 ns, 132.1255 us/op
WorkloadResult   4: 4096 op, 542097400.00 ns, 132.3480 us/op
WorkloadResult   5: 4096 op, 537917900.00 ns, 131.3276 us/op
WorkloadResult   6: 4096 op, 544486500.00 ns, 132.9313 us/op
WorkloadResult   7: 4096 op, 531945000.00 ns, 129.8694 us/op
WorkloadResult   8: 4096 op, 540291400.00 ns, 131.9071 us/op
WorkloadResult   9: 4096 op, 541363800.00 ns, 132.1689 us/op
WorkloadResult  10: 4096 op, 555857000.00 ns, 135.7073 us/op
WorkloadResult  11: 4096 op, 536547600.00 ns, 130.9931 us/op
WorkloadResult  12: 4096 op, 538943800.00 ns, 131.5781 us/op
WorkloadResult  13: 4096 op, 558095600.00 ns, 136.2538 us/op
WorkloadResult  14: 4096 op, 549210600.00 ns, 134.0846 us/op
// GC:  511 511 511 1638867008 4096
// Threading:  0 0 4096

// AfterAll
// Benchmark Process 2012 has exited with code 0.

Mean = 132.557 μs, StdErr = 0.498 μs (0.38%), N = 14, StdDev = 1.863 μs
Min = 129.869 μs, Q1 = 131.390 μs, Median = 132.147 μs, Q3 = 133.714 μs, Max = 136.254 μs
IQR = 2.324 μs, LowerFence = 127.904 μs, UpperFence = 137.201 μs
ConfidenceInterval = [130.456 μs; 134.659 μs] (CI 99.9%), Margin = 2.102 μs (1.59% of Mean)
Skewness = 0.59, Kurtosis = 2.21, MValue = 2

// ** Remained 6 (46.2%) benchmark(s) to run. Estimated finish 2025-12-02 12:32 (0h 2m from now) **
Setup power plan (GUID: 8c5e7fda-e8bf-4a96-9a85-a6e23a8c635c FriendlyName: High performance)
// **************************
// Benchmark: CollectionHelperBenchmark.Linq_ForEach_Array: DefaultJob
// *** Execute ***
// Launch: 1 / 1
// Execute: dotnet 250c05aa-cee2-49a9-914d-55c493a62bb4.dll --anonymousPipes 2220 2400 --benchmarkName RapidStreamer.UnitTests.CollectionHelperBenchmark.Linq_ForEach_Array --job Default --benchmarkId 7 in C:\Users\Kiarash\RiderProjects\RapidStreamer.BuildingBlocks\Tests\RapidStreamer.UnitTests\bin\Release\net10.0\250c05aa-cee2-49a9-914d-55c493a62bb4\bin\Release\net10.0
// BeforeAnythingElse

// Benchmark Process Environment Information:
// BenchmarkDotNet v0.14.0
// Runtime=.NET 10.0.0 (10.0.25.52411), X64 RyuJIT AVX-512F+CD+BW+DQ+VL+VBMI
// GC=Concurrent Workstation
// HardwareIntrinsics=AVX-512F+CD+BW+DQ+VL+VBMI,AES,BMI1,BMI2,FMA,LZCNT,PCLMUL,POPCNT VectorSize=256
// Job: DefaultJob

OverheadJitting  1: 1 op, 210200.00 ns, 210.2000 us/op
WorkloadJitting  1: 1 op, 558900.00 ns, 558.9000 us/op

OverheadJitting  2: 16 op, 185300.00 ns, 11.5813 us/op
WorkloadJitting  2: 16 op, 1354800.00 ns, 84.6750 us/op

WorkloadPilot    1: 16 op, 1158400.00 ns, 72.4000 us/op
WorkloadPilot    2: 32 op, 2014400.00 ns, 62.9500 us/op
WorkloadPilot    3: 64 op, 4398600.00 ns, 68.7281 us/op
WorkloadPilot    4: 128 op, 7565000.00 ns, 59.1016 us/op
WorkloadPilot    5: 256 op, 11739100.00 ns, 45.8559 us/op
WorkloadPilot    6: 512 op, 24732400.00 ns, 48.3055 us/op
WorkloadPilot    7: 1024 op, 50974700.00 ns, 49.7800 us/op
WorkloadPilot    8: 2048 op, 89575600.00 ns, 43.7381 us/op
WorkloadPilot    9: 4096 op, 108699300.00 ns, 26.5379 us/op
WorkloadPilot   10: 8192 op, 217626600.00 ns, 26.5657 us/op
WorkloadPilot   11: 16384 op, 453384500.00 ns, 27.6724 us/op
WorkloadPilot   12: 32768 op, 856163800.00 ns, 26.1280 us/op

OverheadWarmup   1: 32768 op, 101500.00 ns, 3.0975 ns/op
OverheadWarmup   2: 32768 op, 85800.00 ns, 2.6184 ns/op
OverheadWarmup   3: 32768 op, 75500.00 ns, 2.3041 ns/op
OverheadWarmup   4: 32768 op, 77600.00 ns, 2.3682 ns/op
OverheadWarmup   5: 32768 op, 79600.00 ns, 2.4292 ns/op
OverheadWarmup   6: 32768 op, 79200.00 ns, 2.4170 ns/op
OverheadWarmup   7: 32768 op, 77500.00 ns, 2.3651 ns/op
OverheadWarmup   8: 32768 op, 77200.00 ns, 2.3560 ns/op
OverheadWarmup   9: 32768 op, 92300.00 ns, 2.8168 ns/op
OverheadWarmup  10: 32768 op, 77200.00 ns, 2.3560 ns/op

OverheadActual   1: 32768 op, 77300.00 ns, 2.3590 ns/op
OverheadActual   2: 32768 op, 89400.00 ns, 2.7283 ns/op
OverheadActual   3: 32768 op, 77900.00 ns, 2.3773 ns/op
OverheadActual   4: 32768 op, 77700.00 ns, 2.3712 ns/op
OverheadActual   5: 32768 op, 77700.00 ns, 2.3712 ns/op
OverheadActual   6: 32768 op, 75300.00 ns, 2.2980 ns/op
OverheadActual   7: 32768 op, 75700.00 ns, 2.3102 ns/op
OverheadActual   8: 32768 op, 75200.00 ns, 2.2949 ns/op
OverheadActual   9: 32768 op, 75400.00 ns, 2.3010 ns/op
OverheadActual  10: 32768 op, 75300.00 ns, 2.2980 ns/op
OverheadActual  11: 32768 op, 77500.00 ns, 2.3651 ns/op
OverheadActual  12: 32768 op, 83500.00 ns, 2.5482 ns/op
OverheadActual  13: 32768 op, 77500.00 ns, 2.3651 ns/op
OverheadActual  14: 32768 op, 75300.00 ns, 2.2980 ns/op
OverheadActual  15: 32768 op, 76300.00 ns, 2.3285 ns/op

WorkloadWarmup   1: 32768 op, 846668600.00 ns, 25.8383 us/op
WorkloadWarmup   2: 32768 op, 863177500.00 ns, 26.3421 us/op
WorkloadWarmup   3: 32768 op, 846675500.00 ns, 25.8385 us/op
WorkloadWarmup   4: 32768 op, 823185300.00 ns, 25.1216 us/op
WorkloadWarmup   5: 32768 op, 823300400.00 ns, 25.1251 us/op
WorkloadWarmup   6: 32768 op, 843052900.00 ns, 25.7279 us/op
WorkloadWarmup   7: 32768 op, 836080400.00 ns, 25.5151 us/op

// BeforeActualRun
WorkloadActual   1: 32768 op, 819703600.00 ns, 25.0154 us/op
WorkloadActual   2: 32768 op, 820757800.00 ns, 25.0475 us/op
WorkloadActual   3: 32768 op, 830979700.00 ns, 25.3595 us/op
WorkloadActual   4: 32768 op, 828300400.00 ns, 25.2777 us/op
WorkloadActual   5: 32768 op, 823513900.00 ns, 25.1316 us/op
WorkloadActual   6: 32768 op, 825696400.00 ns, 25.1983 us/op
WorkloadActual   7: 32768 op, 819537100.00 ns, 25.0103 us/op
WorkloadActual   8: 32768 op, 875832100.00 ns, 26.7283 us/op
WorkloadActual   9: 32768 op, 824229100.00 ns, 25.1535 us/op
WorkloadActual  10: 32768 op, 823813500.00 ns, 25.1408 us/op
WorkloadActual  11: 32768 op, 863370200.00 ns, 26.3480 us/op
WorkloadActual  12: 32768 op, 855607600.00 ns, 26.1111 us/op
WorkloadActual  13: 32768 op, 816376200.00 ns, 24.9138 us/op
WorkloadActual  14: 32768 op, 819926000.00 ns, 25.0222 us/op
WorkloadActual  15: 32768 op, 836630600.00 ns, 25.5319 us/op

// AfterActualRun
WorkloadResult   1: 32768 op, 819626300.00 ns, 25.0130 us/op
WorkloadResult   2: 32768 op, 820680500.00 ns, 25.0452 us/op
WorkloadResult   3: 32768 op, 830902400.00 ns, 25.3571 us/op
WorkloadResult   4: 32768 op, 828223100.00 ns, 25.2754 us/op
WorkloadResult   5: 32768 op, 823436600.00 ns, 25.1293 us/op
WorkloadResult   6: 32768 op, 825619100.00 ns, 25.1959 us/op
WorkloadResult   7: 32768 op, 819459800.00 ns, 25.0079 us/op
WorkloadResult   8: 32768 op, 824151800.00 ns, 25.1511 us/op
WorkloadResult   9: 32768 op, 823736200.00 ns, 25.1384 us/op
WorkloadResult  10: 32768 op, 816298900.00 ns, 24.9115 us/op
WorkloadResult  11: 32768 op, 819848700.00 ns, 25.0198 us/op
WorkloadResult  12: 32768 op, 836553300.00 ns, 25.5296 us/op
// GC:  0 0 0 400 32768
// Threading:  0 0 32768

// AfterAll
// Benchmark Process 11924 has exited with code 0.

Mean = 25.148 μs, StdErr = 0.050 μs (0.20%), N = 12, StdDev = 0.173 μs
Min = 24.911 μs, Q1 = 25.018 μs, Median = 25.134 μs, Q3 = 25.216 μs, Max = 25.530 μs
IQR = 0.198 μs, LowerFence = 24.722 μs, UpperFence = 25.512 μs
ConfidenceInterval = [24.926 μs; 25.369 μs] (CI 99.9%), Margin = 0.222 μs (0.88% of Mean)
Skewness = 0.73, Kurtosis = 2.57, MValue = 2

// ** Remained 5 (38.5%) benchmark(s) to run. Estimated finish 2025-12-02 12:32 (0h 2m from now) **
Successfully reverted power plan (GUID: 381b4222-f694-41f0-9685-ff5bb260df2e FriendlyName: Balanced)
// ***** BenchmarkRunner: Finish  *****

// * Export *
  BenchmarkDotNet.Artifacts\results\RapidStreamer.UnitTests.CollectionHelperBenchmark-report.csv
  BenchmarkDotNet.Artifacts\results\RapidStreamer.UnitTests.CollectionHelperBenchmark-report-github.md
  BenchmarkDotNet.Artifacts\results\RapidStreamer.UnitTests.CollectionHelperBenchmark-report.html

// * Detailed results *
CollectionHelperBenchmark.Filter_Array: DefaultJob
Runtime = .NET 10.0.0 (10.0.25.52411), X64 RyuJIT AVX-512F+CD+BW+DQ+VL+VBMI; GC = Concurrent Workstation
Mean = 207.910 μs, StdErr = 1.180 μs (0.57%), N = 49, StdDev = 8.260 μs
Min = 196.094 μs, Q1 = 200.892 μs, Median = 207.255 μs, Q3 = 212.227 μs, Max = 233.074 μs
IQR = 11.336 μs, LowerFence = 183.888 μs, UpperFence = 229.231 μs
ConfidenceInterval = [203.774 μs; 212.046 μs] (CI 99.9%), Margin = 4.136 μs (1.99% of Mean)
Skewness = 0.82, Kurtosis = 3.2, MValue = 2
-------------------- Histogram --------------------
[193.132 μs ; 198.126 μs) | @@@
[198.126 μs ; 206.778 μs) | @@@@@@@@@@@@@@@@@@@@@
[206.778 μs ; 212.704 μs) | @@@@@@@@@@@@@
[212.704 μs ; 219.667 μs) | @@@@@@@@
[219.667 μs ; 226.125 μs) | @@@
[226.125 μs ; 236.037 μs) | @
---------------------------------------------------

CollectionHelperBenchmark.Filter_List: DefaultJob
Runtime = .NET 10.0.0 (10.0.25.52411), X64 RyuJIT AVX-512F+CD+BW+DQ+VL+VBMI; GC = Concurrent Workstation
Mean = 318.337 μs, StdErr = 1.650 μs (0.52%), N = 23, StdDev = 7.915 μs
Min = 306.564 μs, Q1 = 313.142 μs, Median = 316.917 μs, Q3 = 322.121 μs, Max = 338.689 μs
IQR = 8.979 μs, LowerFence = 299.673 μs, UpperFence = 335.590 μs
ConfidenceInterval = [312.078 μs; 324.596 μs] (CI 99.9%), Margin = 6.259 μs (1.97% of Mean)
Skewness = 0.82, Kurtosis = 3.08, MValue = 2
-------------------- Histogram --------------------
[305.390 μs ; 312.202 μs) | @@@@
[312.202 μs ; 319.508 μs) | @@@@@@@@@@@@
[319.508 μs ; 327.236 μs) | @@@@
[327.236 μs ; 334.851 μs) | @@
[334.851 μs ; 342.342 μs) | @
---------------------------------------------------

CollectionHelperBenchmark.Convert_Array: DefaultJob
Runtime = .NET 10.0.0 (10.0.25.52411), X64 RyuJIT AVX-512F+CD+BW+DQ+VL+VBMI; GC = Concurrent Workstation
Mean = 149.332 μs, StdErr = 0.798 μs (0.53%), N = 33, StdDev = 4.585 μs
Min = 139.626 μs, Q1 = 146.368 μs, Median = 149.176 μs, Q3 = 152.126 μs, Max = 158.884 μs
IQR = 5.759 μs, LowerFence = 137.730 μs, UpperFence = 160.764 μs
ConfidenceInterval = [146.442 μs; 152.223 μs] (CI 99.9%), Margin = 2.891 μs (1.94% of Mean)
Skewness = 0.02, Kurtosis = 2.3, MValue = 2
-------------------- Histogram --------------------
[137.750 μs ; 141.249 μs) | @
[141.249 μs ; 145.001 μs) | @@@@@
[145.001 μs ; 149.617 μs) | @@@@@@@@@@@@@
[149.617 μs ; 155.727 μs) | @@@@@@@@@@@@
[155.727 μs ; 159.596 μs) | @@
---------------------------------------------------

CollectionHelperBenchmark.ForEach_Array: DefaultJob
Runtime = .NET 10.0.0 (10.0.25.52411), X64 RyuJIT AVX-512F+CD+BW+DQ+VL+VBMI; GC = Concurrent Workstation
Mean = 174.131 μs, StdErr = 0.857 μs (0.49%), N = 21, StdDev = 3.928 μs
Min = 169.767 μs, Q1 = 171.087 μs, Median = 173.050 μs, Q3 = 176.236 μs, Max = 184.793 μs
IQR = 5.149 μs, LowerFence = 163.364 μs, UpperFence = 183.959 μs
ConfidenceInterval = [170.831 μs; 177.430 μs] (CI 99.9%), Margin = 3.299 μs (1.89% of Mean)
Skewness = 1.04, Kurtosis = 3.3, MValue = 2
-------------------- Histogram --------------------
[167.899 μs ; 173.909 μs) | @@@@@@@@@@@@@
[173.909 μs ; 177.858 μs) | @@@@@
[177.858 μs ; 181.614 μs) | @@
[181.614 μs ; 186.661 μs) | @
---------------------------------------------------

CollectionHelperBenchmark.ForEach_List: DefaultJob
Runtime = .NET 10.0.0 (10.0.25.52411), X64 RyuJIT AVX-512F+CD+BW+DQ+VL+VBMI; GC = Concurrent Workstation
Mean = 170.891 μs, StdErr = 0.625 μs (0.37%), N = 15, StdDev = 2.421 μs
Min = 167.449 μs, Q1 = 169.223 μs, Median = 171.023 μs, Q3 = 172.422 μs, Max = 175.061 μs
IQR = 3.199 μs, LowerFence = 164.424 μs, UpperFence = 177.221 μs
ConfidenceInterval = [168.303 μs; 173.478 μs] (CI 99.9%), Margin = 2.588 μs (1.51% of Mean)
Skewness = 0.11, Kurtosis = 1.72, MValue = 2
-------------------- Histogram --------------------
[166.161 μs ; 172.255 μs) | @@@@@@@@@@@
[172.255 μs ; 175.942 μs) | @@@@
---------------------------------------------------

CollectionHelperBenchmark.Linq_Filter_Array: DefaultJob
Runtime = .NET 10.0.0 (10.0.25.52411), X64 RyuJIT AVX-512F+CD+BW+DQ+VL+VBMI; GC = Concurrent Workstation
Mean = 108.483 μs, StdErr = 0.586 μs (0.54%), N = 35, StdDev = 3.468 μs
Min = 103.649 μs, Q1 = 105.907 μs, Median = 107.039 μs, Q3 = 110.494 μs, Max = 117.409 μs
IQR = 4.587 μs, LowerFence = 99.026 μs, UpperFence = 117.374 μs
ConfidenceInterval = [106.372 μs; 110.594 μs] (CI 99.9%), Margin = 2.111 μs (1.95% of Mean)
Skewness = 0.98, Kurtosis = 3.08, MValue = 2
-------------------- Histogram --------------------
[102.258 μs ; 104.547 μs) | @
[104.547 μs ; 107.330 μs) | @@@@@@@@@@@@@@@@@
[107.330 μs ; 110.755 μs) | @@@@@@@@@
[110.755 μs ; 113.545 μs) | @@@@@
[113.545 μs ; 117.576 μs) | @@@
---------------------------------------------------

CollectionHelperBenchmark.Linq_Convert_Array: DefaultJob
Runtime = .NET 10.0.0 (10.0.25.52411), X64 RyuJIT AVX-512F+CD+BW+DQ+VL+VBMI; GC = Concurrent Workstation
Mean = 132.557 μs, StdErr = 0.498 μs (0.38%), N = 14, StdDev = 1.863 μs
Min = 129.869 μs, Q1 = 131.390 μs, Median = 132.147 μs, Q3 = 133.714 μs, Max = 136.254 μs
IQR = 2.324 μs, LowerFence = 127.904 μs, UpperFence = 137.201 μs
ConfidenceInterval = [130.456 μs; 134.659 μs] (CI 99.9%), Margin = 2.102 μs (1.59% of Mean)
Skewness = 0.59, Kurtosis = 2.21, MValue = 2
-------------------- Histogram --------------------
[128.855 μs ; 132.754 μs) | @@@@@@@@@
[132.754 μs ; 137.268 μs) | @@@@@
---------------------------------------------------

CollectionHelperBenchmark.Linq_ForEach_Array: DefaultJob
Runtime = .NET 10.0.0 (10.0.25.52411), X64 RyuJIT AVX-512F+CD+BW+DQ+VL+VBMI; GC = Concurrent Workstation
Mean = 25.148 μs, StdErr = 0.050 μs (0.20%), N = 12, StdDev = 0.173 μs
Min = 24.911 μs, Q1 = 25.018 μs, Median = 25.134 μs, Q3 = 25.216 μs, Max = 25.530 μs
IQR = 0.198 μs, LowerFence = 24.722 μs, UpperFence = 25.512 μs
ConfidenceInterval = [24.926 μs; 25.369 μs] (CI 99.9%), Margin = 0.222 μs (0.88% of Mean)
Skewness = 0.73, Kurtosis = 2.57, MValue = 2
-------------------- Histogram --------------------
[24.851 μs ; 25.629 μs) | @@@@@@@@@@@@
---------------------------------------------------

// * Summary *

BenchmarkDotNet v0.14.0, Windows 11 (10.0.26200.7171)
11th Gen Intel Core i7-1185G7 3.00GHz, 1 CPU, 8 logical and 4 physical cores
.NET SDK 10.0.100
  [Host]     : .NET 10.0.0 (10.0.25.52411), X64 RyuJIT AVX-512F+CD+BW+DQ+VL+VBMI
  DefaultJob : .NET 10.0.0 (10.0.25.52411), X64 RyuJIT AVX-512F+CD+BW+DQ+VL+VBMI


| Method             | Mean      | Error    | StdDev   | Gen0     | Gen1     | Gen2     | Allocated |
|------------------- |----------:|---------:|---------:|---------:|---------:|---------:|----------:|
| Filter_Array       | 207.91 μs | 4.136 μs | 8.260 μs | 124.7559 | 124.7559 | 124.7559 |  524706 B |
| Filter_List        | 318.34 μs | 6.259 μs | 7.915 μs | 249.5117 | 249.5117 | 249.5117 |  924772 B |
| Convert_Array      | 149.33 μs | 2.891 μs | 4.585 μs | 124.7559 | 124.7559 | 124.7559 |  400066 B |
| ForEach_Array      | 174.13 μs | 3.299 μs | 3.928 μs |        - |        - |        - |     112 B |
| ForEach_List       | 170.89 μs | 2.588 μs | 2.421 μs |        - |        - |        - |      24 B |
| Linq_Filter_Array  | 108.48 μs | 2.111 μs | 3.468 μs |  62.3779 |  62.3779 |  62.3779 |  200115 B |
| Linq_Convert_Array | 132.56 μs | 2.102 μs | 1.863 μs | 124.7559 | 124.7559 | 124.7559 |  400114 B |
| Linq_ForEach_Array |  25.15 μs | 0.222 μs | 0.173 μs |        - |        - |        - |         - |

// * Hints *
Outliers
  CollectionHelperBenchmark.Filter_Array: Default       -> 2 outliers were removed (234.11 μs, 234.17 μs)
  CollectionHelperBenchmark.Filter_List: Default        -> 2 outliers were removed (345.36 μs, 345.98 μs)
  CollectionHelperBenchmark.Convert_Array: Default      -> 3 outliers were removed (169.12 μs..178.29 μs)
  CollectionHelperBenchmark.ForEach_Array: Default      -> 1 outlier  was  removed (192.24 μs)
  CollectionHelperBenchmark.Linq_Filter_Array: Default  -> 3 outliers were removed (122.59 μs..142.97 μs)
  CollectionHelperBenchmark.Linq_Convert_Array: Default -> 1 outlier  was  removed (139.97 μs)
  CollectionHelperBenchmark.Linq_ForEach_Array: Default -> 3 outliers were removed (26.11 μs..26.73 μs)

// * Legends *
  Mean      : Arithmetic mean of all measurements
  Error     : Half of 99.9% confidence interval
  StdDev    : Standard deviation of all measurements
  Gen0      : GC Generation 0 collects per 1000 operations
  Gen1      : GC Generation 1 collects per 1000 operations
  Gen2      : GC Generation 2 collects per 1000 operations
  Allocated : Allocated memory per single operation (managed only, inclusive, 1KB = 1024B)
  1 μs      : 1 Microsecond (0.000001 sec)

// * Diagnostic Output - MemoryDiagnoser *


// ***** BenchmarkRunner: End *****
Run time: 00:03:49 (229.44 sec), executed benchmarks: 8

// Found 5 benchmarks:
//   SizeBenchmark.CalculateLargeList: DefaultJob
//   SizeBenchmark.CalculateLargeArray: DefaultJob
//   SizeBenchmark.CalculateLargeDict: DefaultJob
//   SizeBenchmark.CalculateLargeObject: DefaultJob
//   SizeBenchmark.CalculateLargeObjectList: DefaultJob

Setup power plan (GUID: 8c5e7fda-e8bf-4a96-9a85-a6e23a8c635c FriendlyName: High performance)
// **************************
// Benchmark: SizeBenchmark.CalculateLargeList: DefaultJob
// *** Execute ***
// Launch: 1 / 1
// Execute: dotnet 250c05aa-cee2-49a9-914d-55c493a62bb4.dll --anonymousPipes 1996 1988 --benchmarkName RapidStreamer.UnitTests.SizeBenchmark.CalculateLargeList --job Default --benchmarkId 8 in C:\Users\Kiarash\RiderProjects\RapidStreamer.BuildingBlocks\Tests\RapidStreamer.UnitTests\bin\Release\net10.0\250c05aa-cee2-49a9-914d-55c493a62bb4\bin\Release\net10.0
// BeforeAnythingElse

// Benchmark Process Environment Information:
// BenchmarkDotNet v0.14.0
// Runtime=.NET 10.0.0 (10.0.25.52411), X64 RyuJIT AVX-512F+CD+BW+DQ+VL+VBMI
// GC=Concurrent Workstation
// HardwareIntrinsics=AVX-512F+CD+BW+DQ+VL+VBMI,AES,BMI1,BMI2,FMA,LZCNT,PCLMUL,POPCNT VectorSize=256
// Job: DefaultJob

OverheadJitting  1: 1 op, 756600.00 ns, 756.6000 us/op
WorkloadJitting  1: 1 op, 18997100.00 ns, 18.9971 ms/op

OverheadJitting  2: 16 op, 317600.00 ns, 19.8500 us/op
WorkloadJitting  2: 16 op, 521200.00 ns, 32.5750 us/op

WorkloadPilot    1: 16 op, 367500.00 ns, 22.9688 us/op
WorkloadPilot    2: 32 op, 217100.00 ns, 6.7844 us/op
WorkloadPilot    3: 64 op, 169900.00 ns, 2.6547 us/op
WorkloadPilot    4: 128 op, 485700.00 ns, 3.7945 us/op
WorkloadPilot    5: 256 op, 530300.00 ns, 2.0715 us/op
WorkloadPilot    6: 512 op, 1320600.00 ns, 2.5793 us/op
WorkloadPilot    7: 1024 op, 1940600.00 ns, 1.8951 us/op
WorkloadPilot    8: 2048 op, 6695200.00 ns, 3.2691 us/op
WorkloadPilot    9: 4096 op, 10443500.00 ns, 2.5497 us/op
WorkloadPilot   10: 8192 op, 34951600.00 ns, 4.2666 us/op
WorkloadPilot   11: 16384 op, 51354500.00 ns, 3.1344 us/op
WorkloadPilot   12: 32768 op, 81819400.00 ns, 2.4969 us/op
WorkloadPilot   13: 65536 op, 205981500.00 ns, 3.1430 us/op
WorkloadPilot   14: 131072 op, 455090400.00 ns, 3.4721 us/op
WorkloadPilot   15: 262144 op, 788369200.00 ns, 3.0074 us/op

OverheadWarmup   1: 262144 op, 601100.00 ns, 2.2930 ns/op
OverheadWarmup   2: 262144 op, 749400.00 ns, 2.8587 ns/op
OverheadWarmup   3: 262144 op, 616200.00 ns, 2.3506 ns/op
OverheadWarmup   4: 262144 op, 575200.00 ns, 2.1942 ns/op
OverheadWarmup   5: 262144 op, 619500.00 ns, 2.3632 ns/op
OverheadWarmup   6: 262144 op, 668300.00 ns, 2.5494 ns/op
OverheadWarmup   7: 262144 op, 666100.00 ns, 2.5410 ns/op

OverheadActual   1: 262144 op, 648900.00 ns, 2.4754 ns/op
OverheadActual   2: 262144 op, 622300.00 ns, 2.3739 ns/op
OverheadActual   3: 262144 op, 626900.00 ns, 2.3914 ns/op
OverheadActual   4: 262144 op, 624100.00 ns, 2.3808 ns/op
OverheadActual   5: 262144 op, 604200.00 ns, 2.3048 ns/op
OverheadActual   6: 262144 op, 615800.00 ns, 2.3491 ns/op
OverheadActual   7: 262144 op, 595200.00 ns, 2.2705 ns/op
OverheadActual   8: 262144 op, 709800.00 ns, 2.7077 ns/op
OverheadActual   9: 262144 op, 719200.00 ns, 2.7435 ns/op
OverheadActual  10: 262144 op, 602600.00 ns, 2.2987 ns/op
OverheadActual  11: 262144 op, 614100.00 ns, 2.3426 ns/op
OverheadActual  12: 262144 op, 615800.00 ns, 2.3491 ns/op
OverheadActual  13: 262144 op, 645000.00 ns, 2.4605 ns/op
OverheadActual  14: 262144 op, 628200.00 ns, 2.3964 ns/op
OverheadActual  15: 262144 op, 666300.00 ns, 2.5417 ns/op

WorkloadWarmup   1: 262144 op, 482252900.00 ns, 1.8396 us/op
WorkloadWarmup   2: 262144 op, 453571200.00 ns, 1.7302 us/op
WorkloadWarmup   3: 262144 op, 455335300.00 ns, 1.7370 us/op
WorkloadWarmup   4: 262144 op, 485411100.00 ns, 1.8517 us/op
WorkloadWarmup   5: 262144 op, 475108000.00 ns, 1.8124 us/op
WorkloadWarmup   6: 262144 op, 498679000.00 ns, 1.9023 us/op
WorkloadWarmup   7: 262144 op, 466707600.00 ns, 1.7803 us/op

// BeforeActualRun
WorkloadActual   1: 262144 op, 441265900.00 ns, 1.6833 us/op
WorkloadActual   2: 262144 op, 454341600.00 ns, 1.7332 us/op
WorkloadActual   3: 262144 op, 443367800.00 ns, 1.6913 us/op
WorkloadActual   4: 262144 op, 445278800.00 ns, 1.6986 us/op
WorkloadActual   5: 262144 op, 457955000.00 ns, 1.7470 us/op
WorkloadActual   6: 262144 op, 443337100.00 ns, 1.6912 us/op
WorkloadActual   7: 262144 op, 448271700.00 ns, 1.7100 us/op
WorkloadActual   8: 262144 op, 445595700.00 ns, 1.6998 us/op
WorkloadActual   9: 262144 op, 441004900.00 ns, 1.6823 us/op
WorkloadActual  10: 262144 op, 447104300.00 ns, 1.7056 us/op
WorkloadActual  11: 262144 op, 441855500.00 ns, 1.6855 us/op
WorkloadActual  12: 262144 op, 445960700.00 ns, 1.7012 us/op
WorkloadActual  13: 262144 op, 450894100.00 ns, 1.7200 us/op
WorkloadActual  14: 262144 op, 442710400.00 ns, 1.6888 us/op
WorkloadActual  15: 262144 op, 451991600.00 ns, 1.7242 us/op

// AfterActualRun
WorkloadResult   1: 262144 op, 440641800.00 ns, 1.6809 us/op
WorkloadResult   2: 262144 op, 453717500.00 ns, 1.7308 us/op
WorkloadResult   3: 262144 op, 442743700.00 ns, 1.6889 us/op
WorkloadResult   4: 262144 op, 444654700.00 ns, 1.6962 us/op
WorkloadResult   5: 262144 op, 457330900.00 ns, 1.7446 us/op
WorkloadResult   6: 262144 op, 442713000.00 ns, 1.6888 us/op
WorkloadResult   7: 262144 op, 447647600.00 ns, 1.7076 us/op
WorkloadResult   8: 262144 op, 444971600.00 ns, 1.6974 us/op
WorkloadResult   9: 262144 op, 440380800.00 ns, 1.6799 us/op
WorkloadResult  10: 262144 op, 446480200.00 ns, 1.7032 us/op
WorkloadResult  11: 262144 op, 441231400.00 ns, 1.6832 us/op
WorkloadResult  12: 262144 op, 445336600.00 ns, 1.6988 us/op
WorkloadResult  13: 262144 op, 450270000.00 ns, 1.7176 us/op
WorkloadResult  14: 262144 op, 442086300.00 ns, 1.6864 us/op
WorkloadResult  15: 262144 op, 451367500.00 ns, 1.7218 us/op
// GC:  35 34 0 224410776 262144
// Threading:  264213 2 262144

// AfterAll
// Benchmark Process 45520 has exited with code 0.

Mean = 1.702 μs, StdErr = 0.005 μs (0.29%), N = 15, StdDev = 0.019 μs
Min = 1.680 μs, Q1 = 1.688 μs, Median = 1.697 μs, Q3 = 1.713 μs, Max = 1.745 μs
IQR = 0.025 μs, LowerFence = 1.650 μs, UpperFence = 1.750 μs
ConfidenceInterval = [1.681 μs; 1.722 μs] (CI 99.9%), Margin = 0.021 μs (1.22% of Mean)
Skewness = 0.75, Kurtosis = 2.35, MValue = 2

// ** Remained 4 (30.8%) benchmark(s) to run. Estimated finish 2025-12-02 12:31 (0h 1m from now) **
Setup power plan (GUID: 8c5e7fda-e8bf-4a96-9a85-a6e23a8c635c FriendlyName: High performance)
// **************************
// Benchmark: SizeBenchmark.CalculateLargeArray: DefaultJob
// *** Execute ***
// Launch: 1 / 1
// Execute: dotnet 250c05aa-cee2-49a9-914d-55c493a62bb4.dll --anonymousPipes 2400 2220 --benchmarkName RapidStreamer.UnitTests.SizeBenchmark.CalculateLargeArray --job Default --benchmarkId 9 in C:\Users\Kiarash\RiderProjects\RapidStreamer.BuildingBlocks\Tests\RapidStreamer.UnitTests\bin\Release\net10.0\250c05aa-cee2-49a9-914d-55c493a62bb4\bin\Release\net10.0
// BeforeAnythingElse

// Benchmark Process Environment Information:
// BenchmarkDotNet v0.14.0
// Runtime=.NET 10.0.0 (10.0.25.52411), X64 RyuJIT AVX-512F+CD+BW+DQ+VL+VBMI
// GC=Concurrent Workstation
// HardwareIntrinsics=AVX-512F+CD+BW+DQ+VL+VBMI,AES,BMI1,BMI2,FMA,LZCNT,PCLMUL,POPCNT VectorSize=256
// Job: DefaultJob

OverheadJitting  1: 1 op, 714800.00 ns, 714.8000 us/op
WorkloadJitting  1: 1 op, 8212800.00 ns, 8.2128 ms/op

OverheadJitting  2: 16 op, 367800.00 ns, 22.9875 us/op
WorkloadJitting  2: 16 op, 469600.00 ns, 29.3500 us/op

WorkloadPilot    1: 16 op, 226400.00 ns, 14.1500 us/op
WorkloadPilot    2: 32 op, 212900.00 ns, 6.6531 us/op
WorkloadPilot    3: 64 op, 185100.00 ns, 2.8922 us/op
WorkloadPilot    4: 128 op, 334900.00 ns, 2.6164 us/op
WorkloadPilot    5: 256 op, 566600.00 ns, 2.2133 us/op
WorkloadPilot    6: 512 op, 784000.00 ns, 1.5313 us/op
WorkloadPilot    7: 1024 op, 1536200.00 ns, 1.5002 us/op
WorkloadPilot    8: 2048 op, 2928400.00 ns, 1.4299 us/op
WorkloadPilot    9: 4096 op, 5761100.00 ns, 1.4065 us/op
WorkloadPilot   10: 8192 op, 12917300.00 ns, 1.5768 us/op
WorkloadPilot   11: 16384 op, 29283100.00 ns, 1.7873 us/op
WorkloadPilot   12: 32768 op, 62876500.00 ns, 1.9188 us/op
WorkloadPilot   13: 65536 op, 120861300.00 ns, 1.8442 us/op
WorkloadPilot   14: 131072 op, 277711300.00 ns, 2.1188 us/op
WorkloadPilot   15: 262144 op, 540992100.00 ns, 2.0637 us/op

OverheadWarmup   1: 262144 op, 618900.00 ns, 2.3609 ns/op
OverheadWarmup   2: 262144 op, 633900.00 ns, 2.4181 ns/op
OverheadWarmup   3: 262144 op, 616200.00 ns, 2.3506 ns/op
OverheadWarmup   4: 262144 op, 615400.00 ns, 2.3476 ns/op
OverheadWarmup   5: 262144 op, 636000.00 ns, 2.4261 ns/op
OverheadWarmup   6: 262144 op, 616500.00 ns, 2.3518 ns/op

OverheadActual   1: 262144 op, 616300.00 ns, 2.3510 ns/op
OverheadActual   2: 262144 op, 632600.00 ns, 2.4132 ns/op
OverheadActual   3: 262144 op, 669600.00 ns, 2.5543 ns/op
OverheadActual   4: 262144 op, 633900.00 ns, 2.4181 ns/op
OverheadActual   5: 262144 op, 620100.00 ns, 2.3655 ns/op
OverheadActual   6: 262144 op, 649000.00 ns, 2.4757 ns/op
OverheadActual   7: 262144 op, 629200.00 ns, 2.4002 ns/op
OverheadActual   8: 262144 op, 643800.00 ns, 2.4559 ns/op
OverheadActual   9: 262144 op, 696700.00 ns, 2.6577 ns/op
OverheadActual  10: 262144 op, 632500.00 ns, 2.4128 ns/op
OverheadActual  11: 262144 op, 604600.00 ns, 2.3064 ns/op
OverheadActual  12: 262144 op, 618800.00 ns, 2.3605 ns/op
OverheadActual  13: 262144 op, 602900.00 ns, 2.2999 ns/op
OverheadActual  14: 262144 op, 618100.00 ns, 2.3579 ns/op
OverheadActual  15: 262144 op, 602500.00 ns, 2.2984 ns/op

WorkloadWarmup   1: 262144 op, 496443600.00 ns, 1.8938 us/op
WorkloadWarmup   2: 262144 op, 395789700.00 ns, 1.5098 us/op
WorkloadWarmup   3: 262144 op, 382452600.00 ns, 1.4589 us/op
WorkloadWarmup   4: 262144 op, 400297500.00 ns, 1.5270 us/op
WorkloadWarmup   5: 262144 op, 379960700.00 ns, 1.4494 us/op
WorkloadWarmup   6: 262144 op, 376655100.00 ns, 1.4368 us/op
WorkloadWarmup   7: 262144 op, 379468400.00 ns, 1.4476 us/op
WorkloadWarmup   8: 262144 op, 382359600.00 ns, 1.4586 us/op
WorkloadWarmup   9: 262144 op, 394198600.00 ns, 1.5037 us/op
WorkloadWarmup  10: 262144 op, 386566500.00 ns, 1.4746 us/op

// BeforeActualRun
WorkloadActual   1: 262144 op, 399886100.00 ns, 1.5254 us/op
WorkloadActual   2: 262144 op, 382820600.00 ns, 1.4603 us/op
WorkloadActual   3: 262144 op, 367269300.00 ns, 1.4010 us/op
WorkloadActual   4: 262144 op, 378123900.00 ns, 1.4424 us/op
WorkloadActual   5: 262144 op, 401318900.00 ns, 1.5309 us/op
WorkloadActual   6: 262144 op, 382130000.00 ns, 1.4577 us/op
WorkloadActual   7: 262144 op, 385758200.00 ns, 1.4716 us/op
WorkloadActual   8: 262144 op, 390620800.00 ns, 1.4901 us/op
WorkloadActual   9: 262144 op, 407859400.00 ns, 1.5559 us/op
WorkloadActual  10: 262144 op, 385007500.00 ns, 1.4687 us/op
WorkloadActual  11: 262144 op, 392374400.00 ns, 1.4968 us/op
WorkloadActual  12: 262144 op, 385175500.00 ns, 1.4693 us/op
WorkloadActual  13: 262144 op, 385648700.00 ns, 1.4711 us/op
WorkloadActual  14: 262144 op, 401748100.00 ns, 1.5325 us/op
WorkloadActual  15: 262144 op, 382315200.00 ns, 1.4584 us/op
WorkloadActual  16: 262144 op, 386746500.00 ns, 1.4753 us/op
WorkloadActual  17: 262144 op, 376798900.00 ns, 1.4374 us/op
WorkloadActual  18: 262144 op, 379201900.00 ns, 1.4465 us/op
WorkloadActual  19: 262144 op, 398280300.00 ns, 1.5193 us/op
WorkloadActual  20: 262144 op, 388348900.00 ns, 1.4814 us/op
WorkloadActual  21: 262144 op, 383318000.00 ns, 1.4622 us/op

// AfterActualRun
WorkloadResult   1: 262144 op, 399256900.00 ns, 1.5230 us/op
WorkloadResult   2: 262144 op, 382191400.00 ns, 1.4579 us/op
WorkloadResult   3: 262144 op, 366640100.00 ns, 1.3986 us/op
WorkloadResult   4: 262144 op, 377494700.00 ns, 1.4400 us/op
WorkloadResult   5: 262144 op, 400689700.00 ns, 1.5285 us/op
WorkloadResult   6: 262144 op, 381500800.00 ns, 1.4553 us/op
WorkloadResult   7: 262144 op, 385129000.00 ns, 1.4692 us/op
WorkloadResult   8: 262144 op, 389991600.00 ns, 1.4877 us/op
WorkloadResult   9: 262144 op, 384378300.00 ns, 1.4663 us/op
WorkloadResult  10: 262144 op, 391745200.00 ns, 1.4944 us/op
WorkloadResult  11: 262144 op, 384546300.00 ns, 1.4669 us/op
WorkloadResult  12: 262144 op, 385019500.00 ns, 1.4687 us/op
WorkloadResult  13: 262144 op, 401118900.00 ns, 1.5301 us/op
WorkloadResult  14: 262144 op, 381686000.00 ns, 1.4560 us/op
WorkloadResult  15: 262144 op, 386117300.00 ns, 1.4729 us/op
WorkloadResult  16: 262144 op, 376169700.00 ns, 1.4350 us/op
WorkloadResult  17: 262144 op, 378572700.00 ns, 1.4441 us/op
WorkloadResult  18: 262144 op, 397651100.00 ns, 1.5169 us/op
WorkloadResult  19: 262144 op, 387719700.00 ns, 1.4790 us/op
WorkloadResult  20: 262144 op, 382688800.00 ns, 1.4598 us/op
// GC:  25 24 0 161481064 262144
// Threading:  264778 3 262144

// AfterAll
// Benchmark Process 23684 has exited with code 0.

Mean = 1.473 μs, StdErr = 0.008 μs (0.51%), N = 20, StdDev = 0.034 μs
Min = 1.399 μs, Q1 = 1.456 μs, Median = 1.468 μs, Q3 = 1.489 μs, Max = 1.530 μs
IQR = 0.034 μs, LowerFence = 1.406 μs, UpperFence = 1.540 μs
ConfidenceInterval = [1.443 μs; 1.502 μs] (CI 99.9%), Margin = 0.029 μs (1.98% of Mean)
Skewness = 0.09, Kurtosis = 2.55, MValue = 2

// ** Remained 3 (23.1%) benchmark(s) to run. Estimated finish 2025-12-02 12:31 (0h 1m from now) **
Setup power plan (GUID: 8c5e7fda-e8bf-4a96-9a85-a6e23a8c635c FriendlyName: High performance)
// **************************
// Benchmark: SizeBenchmark.CalculateLargeDict: DefaultJob
// *** Execute ***
// Launch: 1 / 1
// Execute: dotnet 250c05aa-cee2-49a9-914d-55c493a62bb4.dll --anonymousPipes 1980 2008 --benchmarkName RapidStreamer.UnitTests.SizeBenchmark.CalculateLargeDict --job Default --benchmarkId 10 in C:\Users\Kiarash\RiderProjects\RapidStreamer.BuildingBlocks\Tests\RapidStreamer.UnitTests\bin\Release\net10.0\250c05aa-cee2-49a9-914d-55c493a62bb4\bin\Release\net10.0
// BeforeAnythingElse

// Benchmark Process Environment Information:
// BenchmarkDotNet v0.14.0
// Runtime=.NET 10.0.0 (10.0.25.52411), X64 RyuJIT AVX-512F+CD+BW+DQ+VL+VBMI
// GC=Concurrent Workstation
// HardwareIntrinsics=AVX-512F+CD+BW+DQ+VL+VBMI,AES,BMI1,BMI2,FMA,LZCNT,PCLMUL,POPCNT VectorSize=256
// Job: DefaultJob

OverheadJitting  1: 1 op, 730200.00 ns, 730.2000 us/op
WorkloadJitting  1: 1 op, 26500000.00 ns, 26.5000 ms/op

OverheadJitting  2: 16 op, 361300.00 ns, 22.5813 us/op
WorkloadJitting  2: 16 op, 93886800.00 ns, 5.8679 ms/op

WorkloadPilot    1: 16 op, 91045700.00 ns, 5.6904 ms/op
WorkloadPilot    2: 32 op, 177568600.00 ns, 5.5490 ms/op
WorkloadPilot    3: 64 op, 493497700.00 ns, 7.7109 ms/op
WorkloadPilot    4: 128 op, 748853000.00 ns, 5.8504 ms/op

OverheadWarmup   1: 128 op, 3100.00 ns, 24.2188 ns/op
OverheadWarmup   2: 128 op, 1100.00 ns, 8.5938 ns/op
OverheadWarmup   3: 128 op, 1000.00 ns, 7.8125 ns/op
OverheadWarmup   4: 128 op, 1400.00 ns, 10.9375 ns/op
OverheadWarmup   5: 128 op, 1300.00 ns, 10.1563 ns/op
OverheadWarmup   6: 128 op, 1300.00 ns, 10.1563 ns/op
OverheadWarmup   7: 128 op, 1500.00 ns, 11.7188 ns/op

OverheadActual   1: 128 op, 1100.00 ns, 8.5938 ns/op
OverheadActual   2: 128 op, 800.00 ns, 6.2500 ns/op
OverheadActual   3: 128 op, 1600.00 ns, 12.5000 ns/op
OverheadActual   4: 128 op, 1400.00 ns, 10.9375 ns/op
OverheadActual   5: 128 op, 1400.00 ns, 10.9375 ns/op
OverheadActual   6: 128 op, 1000.00 ns, 7.8125 ns/op
OverheadActual   7: 128 op, 1100.00 ns, 8.5938 ns/op
OverheadActual   8: 128 op, 1100.00 ns, 8.5938 ns/op
OverheadActual   9: 128 op, 2000.00 ns, 15.6250 ns/op
OverheadActual  10: 128 op, 1000.00 ns, 7.8125 ns/op
OverheadActual  11: 128 op, 800.00 ns, 6.2500 ns/op
OverheadActual  12: 128 op, 1000.00 ns, 7.8125 ns/op
OverheadActual  13: 128 op, 900.00 ns, 7.0313 ns/op
OverheadActual  14: 128 op, 1600.00 ns, 12.5000 ns/op
OverheadActual  15: 128 op, 1100.00 ns, 8.5938 ns/op
OverheadActual  16: 128 op, 1000.00 ns, 7.8125 ns/op
OverheadActual  17: 128 op, 900.00 ns, 7.0313 ns/op
OverheadActual  18: 128 op, 900.00 ns, 7.0313 ns/op
OverheadActual  19: 128 op, 1200.00 ns, 9.3750 ns/op
OverheadActual  20: 128 op, 1400.00 ns, 10.9375 ns/op

WorkloadWarmup   1: 128 op, 671530700.00 ns, 5.2463 ms/op
WorkloadWarmup   2: 128 op, 599960300.00 ns, 4.6872 ms/op
WorkloadWarmup   3: 128 op, 587486200.00 ns, 4.5897 ms/op
WorkloadWarmup   4: 128 op, 580735600.00 ns, 4.5370 ms/op
WorkloadWarmup   5: 128 op, 579743600.00 ns, 4.5292 ms/op
WorkloadWarmup   6: 128 op, 573430300.00 ns, 4.4799 ms/op
WorkloadWarmup   7: 128 op, 574980000.00 ns, 4.4920 ms/op
WorkloadWarmup   8: 128 op, 579353200.00 ns, 4.5262 ms/op
WorkloadWarmup   9: 128 op, 600337800.00 ns, 4.6901 ms/op
WorkloadWarmup  10: 128 op, 583909900.00 ns, 4.5618 ms/op
WorkloadWarmup  11: 128 op, 590962500.00 ns, 4.6169 ms/op
WorkloadWarmup  12: 128 op, 582378200.00 ns, 4.5498 ms/op

// BeforeActualRun
WorkloadActual   1: 128 op, 594567400.00 ns, 4.6451 ms/op
WorkloadActual   2: 128 op, 568819600.00 ns, 4.4439 ms/op
WorkloadActual   3: 128 op, 573381100.00 ns, 4.4795 ms/op
WorkloadActual   4: 128 op, 601127900.00 ns, 4.6963 ms/op
WorkloadActual   5: 128 op, 596149100.00 ns, 4.6574 ms/op
WorkloadActual   6: 128 op, 583906200.00 ns, 4.5618 ms/op
WorkloadActual   7: 128 op, 572186800.00 ns, 4.4702 ms/op
WorkloadActual   8: 128 op, 591650600.00 ns, 4.6223 ms/op
WorkloadActual   9: 128 op, 579995100.00 ns, 4.5312 ms/op
WorkloadActual  10: 128 op, 564676000.00 ns, 4.4115 ms/op
WorkloadActual  11: 128 op, 581748900.00 ns, 4.5449 ms/op
WorkloadActual  12: 128 op, 588101600.00 ns, 4.5945 ms/op
WorkloadActual  13: 128 op, 580987200.00 ns, 4.5390 ms/op
WorkloadActual  14: 128 op, 576386900.00 ns, 4.5030 ms/op
WorkloadActual  15: 128 op, 576366800.00 ns, 4.5029 ms/op

// AfterActualRun
WorkloadResult   1: 128 op, 594566300.00 ns, 4.6450 ms/op
WorkloadResult   2: 128 op, 568818500.00 ns, 4.4439 ms/op
WorkloadResult   3: 128 op, 573380000.00 ns, 4.4795 ms/op
WorkloadResult   4: 128 op, 601126800.00 ns, 4.6963 ms/op
WorkloadResult   5: 128 op, 596148000.00 ns, 4.6574 ms/op
WorkloadResult   6: 128 op, 583905100.00 ns, 4.5618 ms/op
WorkloadResult   7: 128 op, 572185700.00 ns, 4.4702 ms/op
WorkloadResult   8: 128 op, 591649500.00 ns, 4.6223 ms/op
WorkloadResult   9: 128 op, 579994000.00 ns, 4.5312 ms/op
WorkloadResult  10: 128 op, 564674900.00 ns, 4.4115 ms/op
WorkloadResult  11: 128 op, 581747800.00 ns, 4.5449 ms/op
WorkloadResult  12: 128 op, 588100500.00 ns, 4.5945 ms/op
WorkloadResult  13: 128 op, 580986100.00 ns, 4.5390 ms/op
WorkloadResult  14: 128 op, 576385800.00 ns, 4.5030 ms/op
WorkloadResult  15: 128 op, 576365700.00 ns, 4.5029 ms/op
// GC:  69 68 42 335941640 128
// Threading:  128 0 128

// AfterAll
// Benchmark Process 19764 has exited with code 0.

Mean = 4.547 ms, StdErr = 0.021 ms (0.47%), N = 15, StdDev = 0.083 ms
Min = 4.412 ms, Q1 = 4.491 ms, Median = 4.539 ms, Q3 = 4.608 ms, Max = 4.696 ms
IQR = 0.117 ms, LowerFence = 4.315 ms, UpperFence = 4.784 ms
ConfidenceInterval = [4.458 ms; 4.635 ms] (CI 99.9%), Margin = 0.088 ms (1.95% of Mean)
Skewness = 0.2, Kurtosis = 1.83, MValue = 2

// ** Remained 2 (15.4%) benchmark(s) to run. Estimated finish 2025-12-02 12:31 (0h 0m from now) **
Setup power plan (GUID: 8c5e7fda-e8bf-4a96-9a85-a6e23a8c635c FriendlyName: High performance)
// **************************
// Benchmark: SizeBenchmark.CalculateLargeObject: DefaultJob
// *** Execute ***
// Launch: 1 / 1
// Execute: dotnet 250c05aa-cee2-49a9-914d-55c493a62bb4.dll --anonymousPipes 2464 768 --benchmarkName RapidStreamer.UnitTests.SizeBenchmark.CalculateLargeObject --job Default --benchmarkId 11 in C:\Users\Kiarash\RiderProjects\RapidStreamer.BuildingBlocks\Tests\RapidStreamer.UnitTests\bin\Release\net10.0\250c05aa-cee2-49a9-914d-55c493a62bb4\bin\Release\net10.0
// BeforeAnythingElse

// Benchmark Process Environment Information:
// BenchmarkDotNet v0.14.0
// Runtime=.NET 10.0.0 (10.0.25.52411), X64 RyuJIT AVX-512F+CD+BW+DQ+VL+VBMI
// GC=Concurrent Workstation
// HardwareIntrinsics=AVX-512F+CD+BW+DQ+VL+VBMI,AES,BMI1,BMI2,FMA,LZCNT,PCLMUL,POPCNT VectorSize=256
// Job: DefaultJob

OverheadJitting  1: 1 op, 732800.00 ns, 732.8000 us/op
WorkloadJitting  1: 1 op, 35503200.00 ns, 35.5032 ms/op

WorkloadPilot    1: 2 op, 7935000.00 ns, 3.9675 ms/op
WorkloadPilot    2: 3 op, 14769000.00 ns, 4.9230 ms/op
WorkloadPilot    3: 4 op, 19391400.00 ns, 4.8479 ms/op
WorkloadPilot    4: 5 op, 28413500.00 ns, 5.6827 ms/op
WorkloadPilot    5: 6 op, 33268300.00 ns, 5.5447 ms/op
WorkloadPilot    6: 7 op, 36264100.00 ns, 5.1806 ms/op
WorkloadPilot    7: 8 op, 44877400.00 ns, 5.6097 ms/op
WorkloadPilot    8: 9 op, 43702200.00 ns, 4.8558 ms/op
WorkloadPilot    9: 10 op, 55057500.00 ns, 5.5058 ms/op
WorkloadPilot   10: 11 op, 80718500.00 ns, 7.3380 ms/op
WorkloadPilot   11: 12 op, 85664700.00 ns, 7.1387 ms/op
WorkloadPilot   12: 13 op, 79183400.00 ns, 6.0910 ms/op
WorkloadPilot   13: 14 op, 87085400.00 ns, 6.2204 ms/op
WorkloadPilot   14: 15 op, 92143500.00 ns, 6.1429 ms/op
WorkloadPilot   15: 16 op, 89381500.00 ns, 5.5863 ms/op
WorkloadPilot   16: 32 op, 178846500.00 ns, 5.5890 ms/op
WorkloadPilot   17: 64 op, 388000600.00 ns, 6.0625 ms/op
WorkloadPilot   18: 128 op, 586160200.00 ns, 4.5794 ms/op

WorkloadWarmup   1: 128 op, 572950300.00 ns, 4.4762 ms/op
WorkloadWarmup   2: 128 op, 636137300.00 ns, 4.9698 ms/op
WorkloadWarmup   3: 128 op, 562863600.00 ns, 4.3974 ms/op
WorkloadWarmup   4: 128 op, 538317600.00 ns, 4.2056 ms/op
WorkloadWarmup   5: 128 op, 541293500.00 ns, 4.2289 ms/op
WorkloadWarmup   6: 128 op, 612888200.00 ns, 4.7882 ms/op
WorkloadWarmup   7: 128 op, 674394200.00 ns, 5.2687 ms/op
WorkloadWarmup   8: 128 op, 624852900.00 ns, 4.8817 ms/op

// BeforeActualRun
WorkloadActual   1: 128 op, 634879000.00 ns, 4.9600 ms/op
WorkloadActual   2: 128 op, 576813800.00 ns, 4.5064 ms/op
WorkloadActual   3: 128 op, 765471600.00 ns, 5.9802 ms/op
WorkloadActual   4: 128 op, 609578600.00 ns, 4.7623 ms/op
WorkloadActual   5: 128 op, 562965500.00 ns, 4.3982 ms/op
WorkloadActual   6: 128 op, 574607100.00 ns, 4.4891 ms/op
WorkloadActual   7: 128 op, 569037500.00 ns, 4.4456 ms/op
WorkloadActual   8: 128 op, 576077600.00 ns, 4.5006 ms/op
WorkloadActual   9: 128 op, 572819400.00 ns, 4.4752 ms/op
WorkloadActual  10: 128 op, 574646300.00 ns, 4.4894 ms/op
WorkloadActual  11: 128 op, 573402000.00 ns, 4.4797 ms/op
WorkloadActual  12: 128 op, 561131100.00 ns, 4.3838 ms/op
WorkloadActual  13: 128 op, 566028700.00 ns, 4.4221 ms/op
WorkloadActual  14: 128 op, 573813600.00 ns, 4.4829 ms/op
WorkloadActual  15: 128 op, 562569200.00 ns, 4.3951 ms/op

// AfterActualRun
WorkloadResult   1: 128 op, 576813800.00 ns, 4.5064 ms/op
WorkloadResult   2: 128 op, 562965500.00 ns, 4.3982 ms/op
WorkloadResult   3: 128 op, 574607100.00 ns, 4.4891 ms/op
WorkloadResult   4: 128 op, 569037500.00 ns, 4.4456 ms/op
WorkloadResult   5: 128 op, 576077600.00 ns, 4.5006 ms/op
WorkloadResult   6: 128 op, 572819400.00 ns, 4.4752 ms/op
WorkloadResult   7: 128 op, 574646300.00 ns, 4.4894 ms/op
WorkloadResult   8: 128 op, 573402000.00 ns, 4.4797 ms/op
WorkloadResult   9: 128 op, 561131100.00 ns, 4.3838 ms/op
WorkloadResult  10: 128 op, 566028700.00 ns, 4.4221 ms/op
WorkloadResult  11: 128 op, 573813600.00 ns, 4.4829 ms/op
WorkloadResult  12: 128 op, 562569200.00 ns, 4.3951 ms/op
// GC:  69 68 42 335971472 128
// Threading:  128 0 128

// AfterAll
// Benchmark Process 53048 has exited with code 0.

Mean = 4.456 ms, StdErr = 0.013 ms (0.29%), N = 12, StdDev = 0.045 ms
Min = 4.384 ms, Q1 = 4.416 ms, Median = 4.477 ms, Q3 = 4.489 ms, Max = 4.506 ms
IQR = 0.073 ms, LowerFence = 4.306 ms, UpperFence = 4.599 ms
ConfidenceInterval = [4.399 ms; 4.513 ms] (CI 99.9%), Margin = 0.057 ms (1.28% of Mean)
Skewness = -0.45, Kurtosis = 1.4, MValue = 2

// ** Remained 1 (7.7%) benchmark(s) to run. Estimated finish 2025-12-02 12:31 (0h 0m from now) **
Setup power plan (GUID: 8c5e7fda-e8bf-4a96-9a85-a6e23a8c635c FriendlyName: High performance)
// **************************
// Benchmark: SizeBenchmark.CalculateLargeObjectList: DefaultJob
// *** Execute ***
// Launch: 1 / 1
// Execute: dotnet 250c05aa-cee2-49a9-914d-55c493a62bb4.dll --anonymousPipes 2500 1936 --benchmarkName RapidStreamer.UnitTests.SizeBenchmark.CalculateLargeObjectList --job Default --benchmarkId 12 in C:\Users\Kiarash\RiderProjects\RapidStreamer.BuildingBlocks\Tests\RapidStreamer.UnitTests\bin\Release\net10.0\250c05aa-cee2-49a9-914d-55c493a62bb4\bin\Release\net10.0
// BeforeAnythingElse

// Benchmark Process Environment Information:
// BenchmarkDotNet v0.14.0
// Runtime=.NET 10.0.0 (10.0.25.52411), X64 RyuJIT AVX-512F+CD+BW+DQ+VL+VBMI
// GC=Concurrent Workstation
// HardwareIntrinsics=AVX-512F+CD+BW+DQ+VL+VBMI,AES,BMI1,BMI2,FMA,LZCNT,PCLMUL,POPCNT VectorSize=256
// Job: DefaultJob

OverheadJitting  1: 1 op, 766300.00 ns, 766.3000 us/op
WorkloadJitting  1: 1 op, 27441800.00 ns, 27.4418 ms/op

OverheadJitting  2: 16 op, 475100.00 ns, 29.6938 us/op
WorkloadJitting  2: 16 op, 64524300.00 ns, 4.0328 ms/op

WorkloadPilot    1: 16 op, 45741300.00 ns, 2.8588 ms/op
WorkloadPilot    2: 32 op, 91588400.00 ns, 2.8621 ms/op
WorkloadPilot    3: 64 op, 250854900.00 ns, 3.9196 ms/op
WorkloadPilot    4: 128 op, 400064300.00 ns, 3.1255 ms/op
WorkloadPilot    5: 256 op, 629668700.00 ns, 2.4596 ms/op

OverheadWarmup   1: 256 op, 2600.00 ns, 10.1563 ns/op
OverheadWarmup   2: 256 op, 1200.00 ns, 4.6875 ns/op
OverheadWarmup   3: 256 op, 1400.00 ns, 5.4688 ns/op
OverheadWarmup   4: 256 op, 1000.00 ns, 3.9063 ns/op
OverheadWarmup   5: 256 op, 1000.00 ns, 3.9063 ns/op
OverheadWarmup   6: 256 op, 1000.00 ns, 3.9063 ns/op

OverheadActual   1: 256 op, 1000.00 ns, 3.9063 ns/op
OverheadActual   2: 256 op, 1200.00 ns, 4.6875 ns/op
OverheadActual   3: 256 op, 1600.00 ns, 6.2500 ns/op
OverheadActual   4: 256 op, 1000.00 ns, 3.9063 ns/op
OverheadActual   5: 256 op, 1000.00 ns, 3.9063 ns/op
OverheadActual   6: 256 op, 1100.00 ns, 4.2969 ns/op
OverheadActual   7: 256 op, 900.00 ns, 3.5156 ns/op
OverheadActual   8: 256 op, 1200.00 ns, 4.6875 ns/op
OverheadActual   9: 256 op, 1300.00 ns, 5.0781 ns/op
OverheadActual  10: 256 op, 1200.00 ns, 4.6875 ns/op
OverheadActual  11: 256 op, 1600.00 ns, 6.2500 ns/op
OverheadActual  12: 256 op, 1200.00 ns, 4.6875 ns/op
OverheadActual  13: 256 op, 1100.00 ns, 4.2969 ns/op
OverheadActual  14: 256 op, 1200.00 ns, 4.6875 ns/op
OverheadActual  15: 256 op, 1600.00 ns, 6.2500 ns/op
OverheadActual  16: 256 op, 1200.00 ns, 4.6875 ns/op
OverheadActual  17: 256 op, 1300.00 ns, 5.0781 ns/op
OverheadActual  18: 256 op, 1500.00 ns, 5.8594 ns/op
OverheadActual  19: 256 op, 1300.00 ns, 5.0781 ns/op
OverheadActual  20: 256 op, 2300.00 ns, 8.9844 ns/op

WorkloadWarmup   1: 256 op, 625609800.00 ns, 2.4438 ms/op
WorkloadWarmup   2: 256 op, 586831800.00 ns, 2.2923 ms/op
WorkloadWarmup   3: 256 op, 563855300.00 ns, 2.2026 ms/op
WorkloadWarmup   4: 256 op, 556971400.00 ns, 2.1757 ms/op
WorkloadWarmup   5: 256 op, 562257200.00 ns, 2.1963 ms/op
WorkloadWarmup   6: 256 op, 542744400.00 ns, 2.1201 ms/op
WorkloadWarmup   7: 256 op, 568471300.00 ns, 2.2206 ms/op
WorkloadWarmup   8: 256 op, 571858700.00 ns, 2.2338 ms/op
WorkloadWarmup   9: 256 op, 614604700.00 ns, 2.4008 ms/op
WorkloadWarmup  10: 256 op, 643732500.00 ns, 2.5146 ms/op
WorkloadWarmup  11: 256 op, 579703500.00 ns, 2.2645 ms/op

// BeforeActualRun
WorkloadActual   1: 256 op, 571928200.00 ns, 2.2341 ms/op
WorkloadActual   2: 256 op, 584397800.00 ns, 2.2828 ms/op
WorkloadActual   3: 256 op, 652047300.00 ns, 2.5471 ms/op
WorkloadActual   4: 256 op, 818459200.00 ns, 3.1971 ms/op
WorkloadActual   5: 256 op, 638826900.00 ns, 2.4954 ms/op
WorkloadActual   6: 256 op, 582614900.00 ns, 2.2758 ms/op
WorkloadActual   7: 256 op, 572168300.00 ns, 2.2350 ms/op
WorkloadActual   8: 256 op, 642106700.00 ns, 2.5082 ms/op
WorkloadActual   9: 256 op, 589039200.00 ns, 2.3009 ms/op
WorkloadActual  10: 256 op, 562563500.00 ns, 2.1975 ms/op
WorkloadActual  11: 256 op, 543079800.00 ns, 2.1214 ms/op
WorkloadActual  12: 256 op, 571274100.00 ns, 2.2315 ms/op
WorkloadActual  13: 256 op, 573653800.00 ns, 2.2408 ms/op
WorkloadActual  14: 256 op, 556095300.00 ns, 2.1722 ms/op
WorkloadActual  15: 256 op, 561523200.00 ns, 2.1935 ms/op
WorkloadActual  16: 256 op, 553662500.00 ns, 2.1627 ms/op
WorkloadActual  17: 256 op, 585094500.00 ns, 2.2855 ms/op
WorkloadActual  18: 256 op, 612484800.00 ns, 2.3925 ms/op
WorkloadActual  19: 256 op, 561078200.00 ns, 2.1917 ms/op
WorkloadActual  20: 256 op, 574407900.00 ns, 2.2438 ms/op
WorkloadActual  21: 256 op, 593872400.00 ns, 2.3198 ms/op
WorkloadActual  22: 256 op, 565154200.00 ns, 2.2076 ms/op
WorkloadActual  23: 256 op, 632208100.00 ns, 2.4696 ms/op
WorkloadActual  24: 256 op, 593443900.00 ns, 2.3181 ms/op
WorkloadActual  25: 256 op, 646140000.00 ns, 2.5240 ms/op
WorkloadActual  26: 256 op, 593745300.00 ns, 2.3193 ms/op
WorkloadActual  27: 256 op, 610473200.00 ns, 2.3847 ms/op
WorkloadActual  28: 256 op, 568745800.00 ns, 2.2217 ms/op
WorkloadActual  29: 256 op, 591705400.00 ns, 2.3113 ms/op
WorkloadActual  30: 256 op, 587875300.00 ns, 2.2964 ms/op
WorkloadActual  31: 256 op, 623349200.00 ns, 2.4350 ms/op
WorkloadActual  32: 256 op, 548668000.00 ns, 2.1432 ms/op
WorkloadActual  33: 256 op, 562075500.00 ns, 2.1956 ms/op
WorkloadActual  34: 256 op, 567799500.00 ns, 2.2180 ms/op
WorkloadActual  35: 256 op, 595195200.00 ns, 2.3250 ms/op
WorkloadActual  36: 256 op, 631050500.00 ns, 2.4650 ms/op
WorkloadActual  37: 256 op, 627946500.00 ns, 2.4529 ms/op
WorkloadActual  38: 256 op, 630911900.00 ns, 2.4645 ms/op
WorkloadActual  39: 256 op, 652639700.00 ns, 2.5494 ms/op
WorkloadActual  40: 256 op, 643806000.00 ns, 2.5149 ms/op
WorkloadActual  41: 256 op, 614032800.00 ns, 2.3986 ms/op
WorkloadActual  42: 256 op, 610219400.00 ns, 2.3837 ms/op
WorkloadActual  43: 256 op, 576562900.00 ns, 2.2522 ms/op
WorkloadActual  44: 256 op, 591211000.00 ns, 2.3094 ms/op
WorkloadActual  45: 256 op, 596330900.00 ns, 2.3294 ms/op
WorkloadActual  46: 256 op, 596115400.00 ns, 2.3286 ms/op
WorkloadActual  47: 256 op, 641190700.00 ns, 2.5047 ms/op
WorkloadActual  48: 256 op, 681919700.00 ns, 2.6637 ms/op
WorkloadActual  49: 256 op, 702119100.00 ns, 2.7427 ms/op
WorkloadActual  50: 256 op, 582793000.00 ns, 2.2765 ms/op
WorkloadActual  51: 256 op, 554012800.00 ns, 2.1641 ms/op
WorkloadActual  52: 256 op, 552700300.00 ns, 2.1590 ms/op
WorkloadActual  53: 256 op, 564799600.00 ns, 2.2062 ms/op
WorkloadActual  54: 256 op, 555904000.00 ns, 2.1715 ms/op
WorkloadActual  55: 256 op, 564338900.00 ns, 2.2044 ms/op
WorkloadActual  56: 256 op, 575743200.00 ns, 2.2490 ms/op
WorkloadActual  57: 256 op, 563775700.00 ns, 2.2022 ms/op
WorkloadActual  58: 256 op, 582741600.00 ns, 2.2763 ms/op
WorkloadActual  59: 256 op, 565610300.00 ns, 2.2094 ms/op
WorkloadActual  60: 256 op, 555225200.00 ns, 2.1688 ms/op
WorkloadActual  61: 256 op, 546148900.00 ns, 2.1334 ms/op
WorkloadActual  62: 256 op, 549886100.00 ns, 2.1480 ms/op
WorkloadActual  63: 256 op, 538858600.00 ns, 2.1049 ms/op
WorkloadActual  64: 256 op, 550549900.00 ns, 2.1506 ms/op
WorkloadActual  65: 256 op, 562171700.00 ns, 2.1960 ms/op
WorkloadActual  66: 256 op, 564323600.00 ns, 2.2044 ms/op
WorkloadActual  67: 256 op, 552010200.00 ns, 2.1563 ms/op
WorkloadActual  68: 256 op, 543479700.00 ns, 2.1230 ms/op
WorkloadActual  69: 256 op, 543388900.00 ns, 2.1226 ms/op
WorkloadActual  70: 256 op, 546076700.00 ns, 2.1331 ms/op
WorkloadActual  71: 256 op, 548539800.00 ns, 2.1427 ms/op
WorkloadActual  72: 256 op, 549673200.00 ns, 2.1472 ms/op
WorkloadActual  73: 256 op, 542559100.00 ns, 2.1194 ms/op
WorkloadActual  74: 256 op, 566832200.00 ns, 2.2142 ms/op
WorkloadActual  75: 256 op, 670151100.00 ns, 2.6178 ms/op
WorkloadActual  76: 256 op, 603408200.00 ns, 2.3571 ms/op
WorkloadActual  77: 256 op, 548294600.00 ns, 2.1418 ms/op
WorkloadActual  78: 256 op, 546236800.00 ns, 2.1337 ms/op
WorkloadActual  79: 256 op, 543299800.00 ns, 2.1223 ms/op
WorkloadActual  80: 256 op, 546158500.00 ns, 2.1334 ms/op
WorkloadActual  81: 256 op, 549746500.00 ns, 2.1474 ms/op
WorkloadActual  82: 256 op, 548180800.00 ns, 2.1413 ms/op
WorkloadActual  83: 256 op, 562280500.00 ns, 2.1964 ms/op
WorkloadActual  84: 256 op, 569707500.00 ns, 2.2254 ms/op
WorkloadActual  85: 256 op, 568667500.00 ns, 2.2214 ms/op
WorkloadActual  86: 256 op, 598773900.00 ns, 2.3390 ms/op
WorkloadActual  87: 256 op, 643654000.00 ns, 2.5143 ms/op
WorkloadActual  88: 256 op, 618297400.00 ns, 2.4152 ms/op
WorkloadActual  89: 256 op, 708124100.00 ns, 2.7661 ms/op
WorkloadActual  90: 256 op, 723497600.00 ns, 2.8262 ms/op
WorkloadActual  91: 256 op, 633219400.00 ns, 2.4735 ms/op
WorkloadActual  92: 256 op, 611289900.00 ns, 2.3879 ms/op
WorkloadActual  93: 256 op, 618169400.00 ns, 2.4147 ms/op
WorkloadActual  94: 256 op, 634459000.00 ns, 2.4784 ms/op
WorkloadActual  95: 256 op, 645704700.00 ns, 2.5223 ms/op
WorkloadActual  96: 256 op, 638695800.00 ns, 2.4949 ms/op
WorkloadActual  97: 256 op, 632464300.00 ns, 2.4706 ms/op
WorkloadActual  98: 256 op, 600375200.00 ns, 2.3452 ms/op
WorkloadActual  99: 256 op, 610250400.00 ns, 2.3838 ms/op
WorkloadActual  100: 256 op, 642896400.00 ns, 2.5113 ms/op

// AfterActualRun
WorkloadResult   1: 256 op, 571927000.00 ns, 2.2341 ms/op
WorkloadResult   2: 256 op, 584396600.00 ns, 2.2828 ms/op
WorkloadResult   3: 256 op, 652046100.00 ns, 2.5471 ms/op
WorkloadResult   4: 256 op, 638825700.00 ns, 2.4954 ms/op
WorkloadResult   5: 256 op, 582613700.00 ns, 2.2758 ms/op
WorkloadResult   6: 256 op, 572167100.00 ns, 2.2350 ms/op
WorkloadResult   7: 256 op, 642105500.00 ns, 2.5082 ms/op
WorkloadResult   8: 256 op, 589038000.00 ns, 2.3009 ms/op
WorkloadResult   9: 256 op, 562562300.00 ns, 2.1975 ms/op
WorkloadResult  10: 256 op, 543078600.00 ns, 2.1214 ms/op
WorkloadResult  11: 256 op, 571272900.00 ns, 2.2315 ms/op
WorkloadResult  12: 256 op, 573652600.00 ns, 2.2408 ms/op
WorkloadResult  13: 256 op, 556094100.00 ns, 2.1722 ms/op
WorkloadResult  14: 256 op, 561522000.00 ns, 2.1934 ms/op
WorkloadResult  15: 256 op, 553661300.00 ns, 2.1627 ms/op
WorkloadResult  16: 256 op, 585093300.00 ns, 2.2855 ms/op
WorkloadResult  17: 256 op, 612483600.00 ns, 2.3925 ms/op
WorkloadResult  18: 256 op, 561077000.00 ns, 2.1917 ms/op
WorkloadResult  19: 256 op, 574406700.00 ns, 2.2438 ms/op
WorkloadResult  20: 256 op, 593871200.00 ns, 2.3198 ms/op
WorkloadResult  21: 256 op, 565153000.00 ns, 2.2076 ms/op
WorkloadResult  22: 256 op, 632206900.00 ns, 2.4696 ms/op
WorkloadResult  23: 256 op, 593442700.00 ns, 2.3181 ms/op
WorkloadResult  24: 256 op, 646138800.00 ns, 2.5240 ms/op
WorkloadResult  25: 256 op, 593744100.00 ns, 2.3193 ms/op
WorkloadResult  26: 256 op, 610472000.00 ns, 2.3847 ms/op
WorkloadResult  27: 256 op, 568744600.00 ns, 2.2217 ms/op
WorkloadResult  28: 256 op, 591704200.00 ns, 2.3113 ms/op
WorkloadResult  29: 256 op, 587874100.00 ns, 2.2964 ms/op
WorkloadResult  30: 256 op, 623348000.00 ns, 2.4350 ms/op
WorkloadResult  31: 256 op, 548666800.00 ns, 2.1432 ms/op
WorkloadResult  32: 256 op, 562074300.00 ns, 2.1956 ms/op
WorkloadResult  33: 256 op, 567798300.00 ns, 2.2180 ms/op
WorkloadResult  34: 256 op, 595194000.00 ns, 2.3250 ms/op
WorkloadResult  35: 256 op, 631049300.00 ns, 2.4650 ms/op
WorkloadResult  36: 256 op, 627945300.00 ns, 2.4529 ms/op
WorkloadResult  37: 256 op, 630910700.00 ns, 2.4645 ms/op
WorkloadResult  38: 256 op, 652638500.00 ns, 2.5494 ms/op
WorkloadResult  39: 256 op, 643804800.00 ns, 2.5149 ms/op
WorkloadResult  40: 256 op, 614031600.00 ns, 2.3986 ms/op
WorkloadResult  41: 256 op, 610218200.00 ns, 2.3837 ms/op
WorkloadResult  42: 256 op, 576561700.00 ns, 2.2522 ms/op
WorkloadResult  43: 256 op, 591209800.00 ns, 2.3094 ms/op
WorkloadResult  44: 256 op, 596329700.00 ns, 2.3294 ms/op
WorkloadResult  45: 256 op, 596114200.00 ns, 2.3286 ms/op
WorkloadResult  46: 256 op, 641189500.00 ns, 2.5046 ms/op
WorkloadResult  47: 256 op, 681918500.00 ns, 2.6637 ms/op
WorkloadResult  48: 256 op, 702117900.00 ns, 2.7426 ms/op
WorkloadResult  49: 256 op, 582791800.00 ns, 2.2765 ms/op
WorkloadResult  50: 256 op, 554011600.00 ns, 2.1641 ms/op
WorkloadResult  51: 256 op, 552699100.00 ns, 2.1590 ms/op
WorkloadResult  52: 256 op, 564798400.00 ns, 2.2062 ms/op
WorkloadResult  53: 256 op, 555902800.00 ns, 2.1715 ms/op
WorkloadResult  54: 256 op, 564337700.00 ns, 2.2044 ms/op
WorkloadResult  55: 256 op, 575742000.00 ns, 2.2490 ms/op
WorkloadResult  56: 256 op, 563774500.00 ns, 2.2022 ms/op
WorkloadResult  57: 256 op, 582740400.00 ns, 2.2763 ms/op
WorkloadResult  58: 256 op, 565609100.00 ns, 2.2094 ms/op
WorkloadResult  59: 256 op, 555224000.00 ns, 2.1688 ms/op
WorkloadResult  60: 256 op, 546147700.00 ns, 2.1334 ms/op
WorkloadResult  61: 256 op, 549884900.00 ns, 2.1480 ms/op
WorkloadResult  62: 256 op, 538857400.00 ns, 2.1049 ms/op
WorkloadResult  63: 256 op, 550548700.00 ns, 2.1506 ms/op
WorkloadResult  64: 256 op, 562170500.00 ns, 2.1960 ms/op
WorkloadResult  65: 256 op, 564322400.00 ns, 2.2044 ms/op
WorkloadResult  66: 256 op, 552009000.00 ns, 2.1563 ms/op
WorkloadResult  67: 256 op, 543478500.00 ns, 2.1230 ms/op
WorkloadResult  68: 256 op, 543387700.00 ns, 2.1226 ms/op
WorkloadResult  69: 256 op, 546075500.00 ns, 2.1331 ms/op
WorkloadResult  70: 256 op, 548538600.00 ns, 2.1427 ms/op
WorkloadResult  71: 256 op, 549672000.00 ns, 2.1472 ms/op
WorkloadResult  72: 256 op, 542557900.00 ns, 2.1194 ms/op
WorkloadResult  73: 256 op, 566831000.00 ns, 2.2142 ms/op
WorkloadResult  74: 256 op, 670149900.00 ns, 2.6178 ms/op
WorkloadResult  75: 256 op, 603407000.00 ns, 2.3571 ms/op
WorkloadResult  76: 256 op, 548293400.00 ns, 2.1418 ms/op
WorkloadResult  77: 256 op, 546235600.00 ns, 2.1337 ms/op
WorkloadResult  78: 256 op, 543298600.00 ns, 2.1223 ms/op
WorkloadResult  79: 256 op, 546157300.00 ns, 2.1334 ms/op
WorkloadResult  80: 256 op, 549745300.00 ns, 2.1474 ms/op
WorkloadResult  81: 256 op, 548179600.00 ns, 2.1413 ms/op
WorkloadResult  82: 256 op, 562279300.00 ns, 2.1964 ms/op
WorkloadResult  83: 256 op, 569706300.00 ns, 2.2254 ms/op
WorkloadResult  84: 256 op, 568666300.00 ns, 2.2214 ms/op
WorkloadResult  85: 256 op, 598772700.00 ns, 2.3390 ms/op
WorkloadResult  86: 256 op, 643652800.00 ns, 2.5143 ms/op
WorkloadResult  87: 256 op, 618296200.00 ns, 2.4152 ms/op
WorkloadResult  88: 256 op, 708122900.00 ns, 2.7661 ms/op
WorkloadResult  89: 256 op, 633218200.00 ns, 2.4735 ms/op
WorkloadResult  90: 256 op, 611288700.00 ns, 2.3878 ms/op
WorkloadResult  91: 256 op, 618168200.00 ns, 2.4147 ms/op
WorkloadResult  92: 256 op, 634457800.00 ns, 2.4784 ms/op
WorkloadResult  93: 256 op, 645703500.00 ns, 2.5223 ms/op
WorkloadResult  94: 256 op, 638694600.00 ns, 2.4949 ms/op
WorkloadResult  95: 256 op, 632463100.00 ns, 2.4706 ms/op
WorkloadResult  96: 256 op, 600374000.00 ns, 2.3452 ms/op
WorkloadResult  97: 256 op, 610249200.00 ns, 2.3838 ms/op
WorkloadResult  98: 256 op, 642895200.00 ns, 2.5113 ms/op
// GC:  110 109 84 487640072 256
// Threading:  256 1 256

// AfterAll
// Benchmark Process 51948 has exited with code 0.

Mean = 2.303 ms, StdErr = 0.015 ms (0.67%), N = 98, StdDev = 0.153 ms
Min = 2.105 ms, Q1 = 2.177 ms, Median = 2.264 ms, Q3 = 2.411 ms, Max = 2.766 ms
IQR = 0.234 ms, LowerFence = 1.827 ms, UpperFence = 2.761 ms
ConfidenceInterval = [2.251 ms; 2.356 ms] (CI 99.9%), Margin = 0.052 ms (2.28% of Mean)
Skewness = 0.82, Kurtosis = 2.97, MValue = 2.88

// ** Remained 0 (0.0%) benchmark(s) to run. Estimated finish 2025-12-02 12:31 (0h 0m from now) **
Successfully reverted power plan (GUID: 381b4222-f694-41f0-9685-ff5bb260df2e FriendlyName: Balanced)
// ***** BenchmarkRunner: Finish  *****

// * Export *
  BenchmarkDotNet.Artifacts\results\RapidStreamer.UnitTests.SizeBenchmark-report.csv
  BenchmarkDotNet.Artifacts\results\RapidStreamer.UnitTests.SizeBenchmark-report-github.md
  BenchmarkDotNet.Artifacts\results\RapidStreamer.UnitTests.SizeBenchmark-report.html

// * Detailed results *
SizeBenchmark.CalculateLargeList: DefaultJob
Runtime = .NET 10.0.0 (10.0.25.52411), X64 RyuJIT AVX-512F+CD+BW+DQ+VL+VBMI; GC = Concurrent Workstation
Mean = 1.702 μs, StdErr = 0.005 μs (0.29%), N = 15, StdDev = 0.019 μs
Min = 1.680 μs, Q1 = 1.688 μs, Median = 1.697 μs, Q3 = 1.713 μs, Max = 1.745 μs
IQR = 0.025 μs, LowerFence = 1.650 μs, UpperFence = 1.750 μs
ConfidenceInterval = [1.681 μs; 1.722 μs] (CI 99.9%), Margin = 0.021 μs (1.22% of Mean)
Skewness = 0.75, Kurtosis = 2.35, MValue = 2
-------------------- Histogram --------------------
[1.672 μs ; 1.755 μs) | @@@@@@@@@@@@@@@
---------------------------------------------------

SizeBenchmark.CalculateLargeArray: DefaultJob
Runtime = .NET 10.0.0 (10.0.25.52411), X64 RyuJIT AVX-512F+CD+BW+DQ+VL+VBMI; GC = Concurrent Workstation
Mean = 1.473 μs, StdErr = 0.008 μs (0.51%), N = 20, StdDev = 0.034 μs
Min = 1.399 μs, Q1 = 1.456 μs, Median = 1.468 μs, Q3 = 1.489 μs, Max = 1.530 μs
IQR = 0.034 μs, LowerFence = 1.406 μs, UpperFence = 1.540 μs
ConfidenceInterval = [1.443 μs; 1.502 μs] (CI 99.9%), Margin = 0.029 μs (1.98% of Mean)
Skewness = 0.09, Kurtosis = 2.55, MValue = 2
-------------------- Histogram --------------------
[1.382 μs ; 1.415 μs) | @
[1.415 μs ; 1.455 μs) | @@@
[1.455 μs ; 1.488 μs) | @@@@@@@@@@@
[1.488 μs ; 1.540 μs) | @@@@@
---------------------------------------------------

SizeBenchmark.CalculateLargeDict: DefaultJob
Runtime = .NET 10.0.0 (10.0.25.52411), X64 RyuJIT AVX-512F+CD+BW+DQ+VL+VBMI; GC = Concurrent Workstation
Mean = 4.547 ms, StdErr = 0.021 ms (0.47%), N = 15, StdDev = 0.083 ms
Min = 4.412 ms, Q1 = 4.491 ms, Median = 4.539 ms, Q3 = 4.608 ms, Max = 4.696 ms
IQR = 0.117 ms, LowerFence = 4.315 ms, UpperFence = 4.784 ms
ConfidenceInterval = [4.458 ms; 4.635 ms] (CI 99.9%), Margin = 0.088 ms (1.95% of Mean)
Skewness = 0.2, Kurtosis = 1.83, MValue = 2
-------------------- Histogram --------------------
[4.367 ms ; 4.462 ms) | @@
[4.462 ms ; 4.580 ms) | @@@@@@@@
[4.580 ms ; 4.740 ms) | @@@@@
---------------------------------------------------

SizeBenchmark.CalculateLargeObject: DefaultJob
Runtime = .NET 10.0.0 (10.0.25.52411), X64 RyuJIT AVX-512F+CD+BW+DQ+VL+VBMI; GC = Concurrent Workstation
Mean = 4.456 ms, StdErr = 0.013 ms (0.29%), N = 12, StdDev = 0.045 ms
Min = 4.384 ms, Q1 = 4.416 ms, Median = 4.477 ms, Q3 = 4.489 ms, Max = 4.506 ms
IQR = 0.073 ms, LowerFence = 4.306 ms, UpperFence = 4.599 ms
ConfidenceInterval = [4.399 ms; 4.513 ms] (CI 99.9%), Margin = 0.057 ms (1.28% of Mean)
Skewness = -0.45, Kurtosis = 1.4, MValue = 2
-------------------- Histogram --------------------
[4.358 ms ; 4.532 ms) | @@@@@@@@@@@@
---------------------------------------------------

SizeBenchmark.CalculateLargeObjectList: DefaultJob
Runtime = .NET 10.0.0 (10.0.25.52411), X64 RyuJIT AVX-512F+CD+BW+DQ+VL+VBMI; GC = Concurrent Workstation
Mean = 2.303 ms, StdErr = 0.015 ms (0.67%), N = 98, StdDev = 0.153 ms
Min = 2.105 ms, Q1 = 2.177 ms, Median = 2.264 ms, Q3 = 2.411 ms, Max = 2.766 ms
IQR = 0.234 ms, LowerFence = 1.827 ms, UpperFence = 2.761 ms
ConfidenceInterval = [2.251 ms; 2.356 ms] (CI 99.9%), Margin = 0.052 ms (2.28% of Mean)
Skewness = 0.82, Kurtosis = 2.97, MValue = 2.88
-------------------- Histogram --------------------
[2.061 ms ; 2.121 ms) | @@
[2.121 ms ; 2.208 ms) | @@@@@@@@@@@@@@@@@@@@@@@@@@@@@@@@@@
[2.208 ms ; 2.301 ms) | @@@@@@@@@@@@@@@@@@@@
[2.301 ms ; 2.395 ms) | @@@@@@@@@@@@@@@@
[2.395 ms ; 2.463 ms) | @@@@@
[2.463 ms ; 2.551 ms) | @@@@@@@@@@@@@@@@@
[2.551 ms ; 2.684 ms) | @@
[2.684 ms ; 2.810 ms) | @@
---------------------------------------------------

// * Summary *

BenchmarkDotNet v0.14.0, Windows 11 (10.0.26200.7171)
11th Gen Intel Core i7-1185G7 3.00GHz, 1 CPU, 8 logical and 4 physical cores
.NET SDK 10.0.100
  [Host]     : .NET 10.0.0 (10.0.25.52411), X64 RyuJIT AVX-512F+CD+BW+DQ+VL+VBMI
  DefaultJob : .NET 10.0.0 (10.0.25.52411), X64 RyuJIT AVX-512F+CD+BW+DQ+VL+VBMI


| Method                   | Mean         | Error      | StdDev      | Gen0     | Gen1     | Gen2     | Allocated |
|------------------------- |-------------:|-----------:|------------:|---------:|---------:|---------:|----------:|
| CalculateLargeList       |     1.702 μs |  0.0207 μs |   0.0194 μs |   0.1335 |   0.1297 |        - |     856 B |
| CalculateLargeArray      |     1.473 μs |  0.0292 μs |   0.0336 μs |   0.0954 |   0.0916 |        - |     616 B |
| CalculateLargeDict       | 4,546.893 μs | 88.4682 μs |  82.7532 μs | 539.0625 | 531.2500 | 328.1250 | 2624544 B |
| CalculateLargeObject     | 4,455.672 μs | 57.1680 μs |  44.6330 μs | 539.0625 | 531.2500 | 328.1250 | 2624777 B |
| CalculateLargeObjectList | 2,303.057 μs | 52.4662 μs | 153.0465 μs | 429.6875 | 425.7813 | 328.1250 | 1904844 B |

// * Warnings *
MultimodalDistribution
  SizeBenchmark.CalculateLargeObjectList: Default -> It seems that the distribution can have several modes (mValue = 2.88)

// * Hints *
Outliers
  SizeBenchmark.CalculateLargeArray: Default      -> 1 outlier  was  removed (1.56 μs)
  SizeBenchmark.CalculateLargeObject: Default     -> 3 outliers were removed (4.76 ms..5.98 ms)
  SizeBenchmark.CalculateLargeObjectList: Default -> 2 outliers were removed (2.83 ms, 3.20 ms)

// * Legends *
  Mean      : Arithmetic mean of all measurements
  Error     : Half of 99.9% confidence interval
  StdDev    : Standard deviation of all measurements
  Gen0      : GC Generation 0 collects per 1000 operations
  Gen1      : GC Generation 1 collects per 1000 operations
  Gen2      : GC Generation 2 collects per 1000 operations
  Allocated : Allocated memory per single operation (managed only, inclusive, 1KB = 1024B)
  1 μs      : 1 Microsecond (0.000001 sec)

// * Diagnostic Output - MemoryDiagnoser *


// ***** BenchmarkRunner: End *****
Run time: 00:02:11 (131.15 sec), executed benchmarks: 5

Global total time: 00:06:19 (379.73 sec), executed benchmarks: 13
// * Artifacts cleanup *
Artifacts cleanup is finished
